Country,Date,Exchange Rate ($)
Brazil,REF_AREA,BR
Brazil,1994-01,1101.87
Brazil,1994-02,778.82
Brazil,1994-03,551.24
Brazil,1994-04,385.3
Brazil,1994-05,267.88
Brazil,1994-06,184.15
Brazil,1994-07,163.07
Brazil,1994-08,168.84
Brazil,1994-09,174.52
Brazil,1994-10,177.31
Brazil,1994-11,178.95
Brazil,1994-12,179.34
Brazil,1995-01,180.48
Brazil,1995-02,180.77
Brazil,1995-03,167.83
Brazil,1995-04,161.98
Brazil,1995-05,164.36
Brazil,1995-06,161.12
Brazil,1995-07,158.49
Brazil,1995-08,159.42
Brazil,1995-09,159.3
Brazil,1995-10,157.13
Brazil,1995-11,157.3
Brazil,1995-12,157.38
Brazil,1996-01,157.25
Brazil,1996-02,156.49
Brazil,1996-03,155.96
Brazil,1996-04,156.15
Brazil,1996-05,156.04
Brazil,1996-06,155.25
Brazil,1996-07,153.93
Brazil,1996-08,152.19
Brazil,1996-09,152.23
Brazil,1996-10,152.05
Brazil,1996-11,150.69
Brazil,1996-12,151.03
Brazil,1997-01,152.03
Brazil,1997-02,153.76
Brazil,1997-03,153.42
Brazil,1997-04,153.4
Brazil,1997-05,151.59
Brazil,1997-06,150.76
Brazil,1997-07,151.45
Brazil,1997-08,152.53
Brazil,1997-09,151.28
Brazil,1997-10,150.09
Brazil,1997-11,149.68
Brazil,1997-12,152.66
Brazil,1998-01,154.56
Brazil,1998-02,152.62
Brazil,1998-03,151.71
Brazil,1998-04,150.37
Brazil,1998-05,149.47
Brazil,1998-06,150.04
Brazil,1998-07,149.32
Brazil,1998-08,148.76
Brazil,1998-09,145.61
Brazil,1998-10,141.68
Brazil,1998-11,141.9
Brazil,1998-12,139.88
Brazil,1999-01,111.7
Brazil,1999-02,88.85
Brazil,1999-03,90.85
Brazil,1999-04,102.0
Brazil,1999-05,103.28
Brazil,1999-06,99.13
Brazil,1999-07,97.33
Brazil,1999-08,92.11
Brazil,1999-09,91.52
Brazil,1999-10,87.76
Brazil,1999-11,90.24
Brazil,1999-12,94.9
Brazil,2000-01,96.86
Brazil,2000-02,98.88
Brazil,2000-03,101.88
Brazil,2000-04,101.13
Brazil,2000-05,99.58
Brazil,2000-06,99.11
Brazil,2000-07,100.1
Brazil,2000-08,100.79
Brazil,2000-09,100.39
Brazil,2000-10,99.06
Brazil,2000-11,95.84
Brazil,2000-12,93.89
Brazil,2001-01,93.52
Brazil,2001-02,91.73
Brazil,2001-03,88.83
Brazil,2001-04,85.39
Brazil,2001-05,82.16
Brazil,2001-06,79.68
Brazil,2001-07,76.97
Brazil,2001-08,74.48
Brazil,2001-09,69.92
Brazil,2001-10,68.34
Brazil,2001-11,73.73
Brazil,2001-12,79.52
Brazil,2002-01,79.7
Brazil,2002-02,83.17
Brazil,2002-03,86.78
Brazil,2002-04,88.66
Brazil,2002-05,82.76
Brazil,2002-06,75.24
Brazil,2002-07,68.82
Brazil,2002-08,64.87
Brazil,2002-09,61.01
Brazil,2002-10,53.54
Brazil,2002-11,56.11
Brazil,2002-12,54.97
Brazil,2003-01,57.03
Brazil,2003-02,54.4
Brazil,2003-03,56.25
Brazil,2003-04,61.72
Brazil,2003-05,63.61
Brazil,2003-06,64.99
Brazil,2003-07,65.69
Brazil,2003-08,63.63
Brazil,2003-09,64.98
Brazil,2003-10,65.12
Brazil,2003-11,64.0
Brazil,2003-12,62.75
Brazil,2004-01,63.47
Brazil,2004-02,61.77
Brazil,2004-03,62.94
Brazil,2004-04,63.33
Brazil,2004-05,60.1
Brazil,2004-06,58.88
Brazil,2004-07,60.34
Brazil,2004-08,61.35
Brazil,2004-09,63.6
Brazil,2004-10,63.86
Brazil,2004-11,64.0
Brazil,2004-12,64.8
Brazil,2005-01,65.72
Brazil,2005-02,68.13
Brazil,2005-03,65.2
Brazil,2005-04,68.88
Brazil,2005-05,72.78
Brazil,2005-06,74.88
Brazil,2005-07,76.58
Brazil,2005-08,76.17
Brazil,2005-09,78.3
Brazil,2005-10,80.66
Brazil,2005-11,82.96
Brazil,2005-12,80.24
Brazil,2006-01,79.73
Brazil,2006-02,84.22
Brazil,2006-03,84.48
Brazil,2006-04,84.73
Brazil,2006-05,81.67
Brazil,2006-06,79.65
Brazil,2006-07,81.85
Brazil,2006-08,82.64
Brazil,2006-09,82.53
Brazil,2006-10,83.4
Brazil,2006-11,82.41
Brazil,2006-12,81.63
Brazil,2007-01,82.68
Brazil,2007-02,84.41
Brazil,2007-03,84.15
Brazil,2007-04,85.71
Brazil,2007-05,87.57
Brazil,2007-06,90.03
Brazil,2007-07,91.67
Brazil,2007-08,88.3
Brazil,2007-09,90.23
Brazil,2007-10,94.12
Brazil,2007-11,94.92
Brazil,2007-12,94.04
Brazil,2008-01,94.05
Brazil,2008-02,96.05
Brazil,2008-03,95.66
Brazil,2008-04,96.0
Brazil,2008-05,98.34
Brazil,2008-06,100.54
Brazil,2008-07,101.56
Brazil,2008-08,102.52
Brazil,2008-09,94.3
Brazil,2008-10,80.81
Brazil,2008-11,79.6
Brazil,2008-12,74.6
Brazil,2009-01,77.96
Brazil,2009-02,79.21
Brazil,2009-03,79.67
Brazil,2009-04,82.24
Brazil,2009-05,86.26
Brazil,2009-06,90.54
Brazil,2009-07,91.36
Brazil,2009-08,95.16
Brazil,2009-09,95.55
Brazil,2009-10,99.05
Brazil,2009-11,99.16
Brazil,2009-12,98.52
Brazil,2010-01,97.27
Brazil,2010-02,95.27
Brazil,2010-03,98.23
Brazil,2010-04,99.95
Brazil,2010-05,99.36
Brazil,2010-06,100.51
Brazil,2010-07,100.91
Brazil,2010-08,100.69
Brazil,2010-09,102.24
Brazil,2010-10,102.02
Brazil,2010-11,100.74
Brazil,2010-12,102.81
Brazil,2011-01,103.24
Brazil,2011-02,103.03
Brazil,2011-03,102.79
Brazil,2011-04,106.27
Brazil,2011-05,104.42
Brazil,2011-06,105.91
Brazil,2011-07,107.34
Brazil,2011-08,105.36
Brazil,2011-09,98.72
Brazil,2011-10,97.43
Brazil,2011-11,97.32
Brazil,2011-12,95.69
Brazil,2012-01,98.28
Brazil,2012-02,101.02
Brazil,2012-03,97.16
Brazil,2012-04,94.2
Brazil,2012-05,89.32
Brazil,2012-06,87.4
Brazil,2012-07,88.51
Brazil,2012-08,88.05
Brazil,2012-09,87.13
Brazil,2012-10,86.76
Brazil,2012-11,85.66
Brazil,2012-12,84.77
Brazil,2013-01,86.69
Brazil,2013-02,89.66
Brazil,2013-03,90.22
Brazil,2013-04,89.36
Brazil,2013-05,88.25
Brazil,2013-06,83.06
Brazil,2013-07,80.55
Brazil,2013-08,77.34
Brazil,2013-09,79.74
Brazil,2013-10,82.17
Brazil,2013-11,79.14
Brazil,2013-12,77.65
Brazil,2014-01,77.57
Brazil,2014-02,78.32
Brazil,2014-03,80.24
Brazil,2014-04,83.57
Brazil,2014-05,84.0
Brazil,2014-06,83.77
Brazil,2014-07,84.19
Brazil,2014-08,83.16
Brazil,2014-09,81.99
Brazil,2014-10,78.88
Brazil,2014-11,76.56
Brazil,2014-12,75.14
Brazil,2015-01,76.56
Brazil,2015-02,72.31
Brazil,2015-03,65.9
Brazil,2015-04,67.57
Brazil,2015-05,66.89
Brazil,2015-06,65.95
Brazil,2015-07,64.53
Brazil,2015-08,59.86
Brazil,2015-09,54.2
Brazil,2015-10,54.1
Brazil,2015-11,56.45
Brazil,2015-12,55.98
Brazil,2016-01,55.19
Brazil,2016-02,56.42
Brazil,2016-03,59.82
Brazil,2016-04,61.32
Brazil,2016-05,62.02
Brazil,2016-06,64.01
Brazil,2016-07,67.77
Brazil,2016-08,68.68
Brazil,2016-09,68.12
Brazil,2016-10,70.05
Brazil,2016-11,67.99
Brazil,2016-12,68.74
Brazil,2017-01,71.93
Brazil,2017-02,73.39
Brazil,2017-03,72.67
Brazil,2017-04,72.11
Brazil,2017-05,70.21
Brazil,2017-06,67.95
Brazil,2017-07,69.55
Brazil,2017-08,70.18
Brazil,2017-09,70.03
Brazil,2017-10,69.47
Brazil,2017-11,68.08
Brazil,2017-12,67.13
Brazil,2018-01,68.04
Brazil,2018-02,67.0
Brazil,2018-03,66.55
Brazil,2018-04,64.22
Brazil,2018-05,62.23
Brazil,2018-06,61.08
Brazil,2018-07,60.91
Brazil,2018-08,60.36
Brazil,2018-09,58.92
Brazil,2018-10,64.7
Brazil,2018-11,64.59
Brazil,2018-12,62.93
Brazil,2019-01,64.71
Brazil,2019-02,65.23
Brazil,2019-03,63.72
Brazil,2019-04,63.17
Brazil,2019-05,62.27
Brazil,2019-06,64.23
Brazil,2019-07,65.33
Brazil,2019-08,63.51
Brazil,2019-09,62.58
Brazil,2019-10,62.98
Brazil,2019-11,62.01
Brazil,2019-12,62.52
Brazil,2020-01,61.8
Brazil,2020-02,59.7
Brazil,2020-03,53.91
Brazil,2020-04,50.33
Brazil,2020-05,47.36
Brazil,2020-06,50.82
Brazil,2020-07,49.62
Brazil,2020-08,47.77
Brazil,2020-09,48.1
Brazil,2020-10,46.2
Brazil,2020-11,47.42
Brazil,2020-12,49.47
Brazil,2021-01,47.72
Brazil,2021-02,47.37
Brazil,2021-03,45.92
Brazil,2021-04,46.58
Brazil,2021-05,48.56
Brazil,2021-06,51.36
Brazil,2021-07,50.76
Brazil,2021-08,49.94
Brazil,2021-09,49.89
Brazil,2021-10,47.74
Brazil,2021-11,47.86
Brazil,2021-12,47.4
Brazil,2022-01,48.32
Brazil,2022-02,51.59
Brazil,2022-03,54.65
Brazil,2022-04,57.98
Brazil,2022-05,56.6
Brazil,2022-06,56.05
Brazil,2022-07,53.71
Brazil,2022-08,56.43
Brazil,2022-09,56.95
Brazil,2022-10,57.73
Germany,REF_AREA,DE
Germany,1994-01,82.84
Germany,1994-02,83.13
Germany,1994-03,84.77
Germany,1994-04,85.15
Germany,1994-05,86.31
Germany,1994-06,87.18
Germany,1994-07,88.51
Germany,1994-08,88.95
Germany,1994-09,89.08
Germany,1994-10,89.88
Germany,1994-11,89.74
Germany,1994-12,89.62
Germany,1995-01,91.12
Germany,1995-02,92.34
Germany,1995-03,96.01
Germany,1995-04,96.29
Germany,1995-05,95.1
Germany,1995-06,95.07
Germany,1995-07,95.4
Germany,1995-08,93.95
Germany,1995-09,93.96
Germany,1995-10,95.72
Germany,1995-11,95.67
Germany,1995-12,95.09
Germany,1996-01,94.64
Germany,1996-02,94.74
Germany,1996-03,94.33
Germany,1996-04,93.48
Germany,1996-05,92.7
Germany,1996-06,93.03
Germany,1996-07,93.77
Germany,1996-08,94.56
Germany,1996-09,93.91
Germany,1996-10,93.28
Germany,1996-11,93.66
Germany,1996-12,92.82
Germany,1997-01,91.91
Germany,1997-02,91.13
Germany,1997-03,91.06
Germany,1997-04,90.78
Germany,1997-05,90.83
Germany,1997-06,90.15
Germany,1997-07,88.88
Germany,1997-08,88.63
Germany,1997-09,90.06
Germany,1997-10,91.02
Germany,1997-11,91.91
Germany,1997-12,92.28
Germany,1998-01,92.58
Germany,1998-02,92.23
Germany,1998-03,91.87
Germany,1998-04,92.2
Germany,1998-05,93.53
Germany,1998-06,93.84
Germany,1998-07,93.81
Germany,1998-08,94.61
Germany,1998-09,96.75
Germany,1998-10,97.46
Germany,1998-11,96.44
Germany,1998-12,96.82
Germany,1999-01,96.7
Germany,1999-02,96.04
Germany,1999-03,95.4
Germany,1999-04,94.75
Germany,1999-05,94.45
Germany,1999-06,93.48
Germany,1999-07,93.4
Germany,1999-08,94.15
Germany,1999-09,93.6
Germany,1999-10,94.3
Germany,1999-11,93.04
Germany,1999-12,92.05
Germany,2000-01,92.14
Germany,2000-02,91.41
Germany,2000-03,90.57
Germany,2000-04,89.93
Germany,2000-05,89.04
Germany,2000-06,90.68
Germany,2000-07,90.35
Germany,2000-08,89.02
Germany,2000-09,88.02
Germany,2000-10,87.55
Germany,2000-11,87.85
Germany,2000-12,89.53
Germany,2001-01,91.46
Germany,2001-02,91.02
Germany,2001-03,91.18
Germany,2001-04,90.95
Germany,2001-05,89.95
Germany,2001-06,89.2
Germany,2001-07,89.84
Germany,2001-08,91.39
Germany,2001-09,91.86
Germany,2001-10,91.89
Germany,2001-11,91.01
Germany,2001-12,91.26
Germany,2002-01,90.99
Germany,2002-02,90.6
Germany,2002-03,90.65
Germany,2002-04,90.78
Germany,2002-05,91.9
Germany,2002-06,93.38
Germany,2002-07,94.54
Germany,2002-08,94.28
Germany,2002-09,94.4
Germany,2002-10,94.64
Germany,2002-11,94.98
Germany,2002-12,95.55
Germany,2003-01,96.98
Germany,2003-02,97.7
Germany,2003-03,98.06
Germany,2003-04,98.1
Germany,2003-05,100.0
Germany,2003-06,100.33
Germany,2003-07,99.56
Germany,2003-08,98.91
Germany,2003-09,98.88
Germany,2003-10,99.99
Germany,2003-11,100.05
Germany,2003-12,101.66
Germany,2004-01,102.32
Germany,2004-02,102.34
Germany,2004-03,101.22
Germany,2004-04,100.3
Germany,2004-05,100.88
Germany,2004-06,100.87
Germany,2004-07,101.04
Germany,2004-08,100.96
Germany,2004-09,101.08
Germany,2004-10,101.65
Germany,2004-11,102.34
Germany,2004-12,102.94
Germany,2005-01,102.11
Germany,2005-02,101.55
Germany,2005-03,102.02
Germany,2005-04,101.65
Germany,2005-05,100.99
Germany,2005-06,99.44
Germany,2005-07,99.46
Germany,2005-08,99.74
Germany,2005-09,99.45
Germany,2005-10,99.2
Germany,2005-11,98.68
Germany,2005-12,98.65
Germany,2006-01,98.92
Germany,2006-02,98.38
Germany,2006-03,98.85
Germany,2006-04,99.47
Germany,2006-05,100.46
Germany,2006-06,100.85
Germany,2006-07,100.92
Germany,2006-08,100.9
Germany,2006-09,100.82
Germany,2006-10,100.41
Germany,2006-11,100.68
Germany,2006-12,101.21
Germany,2007-01,100.81
Germany,2007-02,100.99
Germany,2007-03,101.34
Germany,2007-04,101.75
Germany,2007-05,101.66
Germany,2007-06,101.44
Germany,2007-07,101.74
Germany,2007-08,101.69
Germany,2007-09,102.14
Germany,2007-10,102.53
Germany,2007-11,103.31
Germany,2007-12,103.17
Germany,2008-01,103.32
Germany,2008-02,103.13
Germany,2008-03,104.69
Germany,2008-04,105.21
Germany,2008-05,104.77
Germany,2008-06,104.53
Germany,2008-07,104.53
Germany,2008-08,103.09
Germany,2008-09,102.34
Germany,2008-10,100.99
Germany,2008-11,100.4
Germany,2008-12,103.13
Germany,2009-01,103.24
Germany,2009-02,103.03
Germany,2009-03,104.18
Germany,2009-04,103.56
Germany,2009-05,103.88
Germany,2009-06,104.64
Germany,2009-07,104.45
Germany,2009-08,104.48
Germany,2009-09,105.07
Germany,2009-10,105.53
Germany,2009-11,105.55
Germany,2009-12,104.9
Germany,2010-01,103.61
Germany,2010-02,102.08
Germany,2010-03,101.39
Germany,2010-04,100.57
Germany,2010-05,98.77
Germany,2010-06,97.7
Germany,2010-07,98.84
Germany,2010-08,98.66
Germany,2010-09,98.8
Germany,2010-10,100.7
Germany,2010-11,100.06
Germany,2010-12,98.83
Germany,2011-01,98.76
Germany,2011-02,99.54
Germany,2011-03,100.48
Germany,2011-04,101.39
Germany,2011-05,100.9
Germany,2011-06,100.96
Germany,2011-07,100.39
Germany,2011-08,100.64
Germany,2011-09,100.17
Germany,2011-10,100.46
Germany,2011-11,100.24
Germany,2011-12,99.24
Germany,2012-01,97.96
Germany,2012-02,98.16
Germany,2012-03,98.3
Germany,2012-04,98.23
Germany,2012-05,97.57
Germany,2012-06,97.19
Germany,2012-07,96.01
Germany,2012-08,95.98
Germany,2012-09,97.26
Germany,2012-10,97.56
Germany,2012-11,97.24
Germany,2012-12,98.11
Germany,2013-01,98.96
Germany,2013-02,99.56
Germany,2013-03,98.61
Germany,2013-04,98.76
Germany,2013-05,98.85
Germany,2013-06,99.95
Germany,2013-07,99.92
Germany,2013-08,100.69
Germany,2013-09,100.71
Germany,2013-10,101.18
Germany,2013-11,101.19
Germany,2013-12,102.08
Germany,2014-01,102.11
Germany,2014-02,102.32
Germany,2014-03,103.0
Germany,2014-04,102.8
Germany,2014-05,102.34
Germany,2014-06,101.82
Germany,2014-07,101.55
Germany,2014-08,101.14
Germany,2014-09,100.14
Germany,2014-10,99.74
Germany,2014-11,99.69
Germany,2014-12,100.08
Germany,2015-01,97.82
Germany,2015-02,96.67
Germany,2015-03,94.89
Germany,2015-04,94.23
Germany,2015-05,95.49
Germany,2015-06,96.18
Germany,2015-07,95.62
Germany,2015-08,97.17
Germany,2015-09,98.0
Germany,2015-10,97.73
Germany,2015-11,96.01
Germany,2015-12,97.14
Germany,2016-01,98.03
Germany,2016-02,98.77
Germany,2016-03,98.11
Germany,2016-04,98.5
Germany,2016-05,98.79
Germany,2016-06,98.52
Germany,2016-07,98.3
Germany,2016-08,98.5
Germany,2016-09,98.66
Germany,2016-10,98.47
Germany,2016-11,98.32
Germany,2016-12,97.8
Germany,2017-01,97.99
Germany,2017-02,97.55
Germany,2017-03,97.77
Germany,2017-04,97.55
Germany,2017-05,98.81
Germany,2017-06,99.29
Germany,2017-07,100.31
Germany,2017-08,101.23
Germany,2017-09,101.26
Germany,2017-10,101.14
Germany,2017-11,101.2
Germany,2017-12,101.38
Germany,2018-01,101.77
Germany,2018-02,101.97
Germany,2018-03,102.1
Germany,2018-04,102.11
Germany,2018-05,101.44
Germany,2018-06,101.44
Germany,2018-07,102.25
Germany,2018-08,102.5
Germany,2018-09,103.19
Germany,2018-10,102.55
Germany,2018-11,102.01
Germany,2018-12,102.03
Germany,2019-01,101.65
Germany,2019-02,101.27
Germany,2019-03,101.06
Germany,2019-04,101.0
Germany,2019-05,101.43
Germany,2019-06,101.65
Germany,2019-07,101.18
Germany,2019-08,101.7
Germany,2019-09,101.27
Germany,2019-10,101.27
Germany,2019-11,100.95
Germany,2019-12,100.98
Germany,2020-01,100.67
Germany,2020-02,100.33
Germany,2020-03,102.56
Germany,2020-04,102.48
Germany,2020-05,102.54
Germany,2020-06,103.3
Germany,2020-07,103.91
Germany,2020-08,105.0
Germany,2020-09,104.97
Germany,2020-10,104.9
Germany,2020-11,104.39
Germany,2020-12,105.06
Germany,2021-01,104.78
Germany,2021-02,104.33
Germany,2021-03,104.34
Germany,2021-04,104.59
Germany,2021-05,104.78
Germany,2021-06,104.37
Germany,2021-07,104.05
Germany,2021-08,103.8
Germany,2021-09,103.8
Germany,2021-10,103.35
Germany,2021-11,103.01
Germany,2021-12,103.09
Germany,2022-01,102.81
Germany,2022-02,102.96
Germany,2022-03,102.71
Germany,2022-04,101.73
Germany,2022-05,101.8
Germany,2022-06,102.03
Germany,2022-07,100.99
Germany,2022-08,100.72
Germany,2022-09,100.98
Germany,2022-10,101.57
Russia,REF_AREA,RU
Russia,1994-01,2071.82
Russia,1994-02,1832.68
Russia,1994-03,1677.37
Russia,1994-04,1630.72
Russia,1994-05,1545.79
Russia,1994-06,1464.16
Russia,1994-07,1385.88
Russia,1994-08,1327.95
Russia,1994-09,1202.8
Russia,1994-10,918.14
Russia,1994-11,886.92
Russia,1994-12,839.03
Russia,1995-01,740.48
Russia,1995-02,658.72
Russia,1995-03,572.78
Russia,1995-04,529.96
Russia,1995-05,527.31
Russia,1995-06,560.28
Russia,1995-07,588.03
Russia,1995-08,619.46
Russia,1995-09,620.3
Russia,1995-10,608.18
Russia,1995-11,605.51
Russia,1995-12,601.81
Russia,1996-01,600.57
Russia,1996-02,592.8
Russia,1996-03,586.32
Russia,1996-04,584.68
Russia,1996-05,582.21
Russia,1996-06,573.93
Russia,1996-07,561.19
Russia,1996-08,544.38
Russia,1996-09,540.3
Russia,1996-10,538.26
Russia,1996-11,530.18
Russia,1996-12,534.43
Russia,1997-01,540.76
Russia,1997-02,554.8
Russia,1997-03,555.2
Russia,1997-04,553.85
Russia,1997-05,549.63
Russia,1997-06,551.75
Russia,1997-07,561.84
Russia,1997-08,572.83
Russia,1997-09,564.73
Russia,1997-10,558.51
Russia,1997-11,555.82
Russia,1997-12,571.99
Russia,1998-01,580.28
Russia,1998-02,572.16
Russia,1998-03,568.46
Russia,1998-04,563.35
Russia,1998-05,559.0
Russia,1998-06,562.74
Russia,1998-07,559.98
Russia,1998-08,506.66
Russia,1998-09,230.91
Russia,1998-10,207.6
Russia,1998-11,202.17
Russia,1998-12,165.35
Russia,1999-01,145.44
Russia,1999-02,148.51
Russia,1999-03,144.79
Russia,1999-04,138.95
Russia,1999-05,143.68
Russia,1999-06,147.01
Russia,1999-07,147.82
Russia,1999-08,143.33
Russia,1999-09,139.25
Russia,1999-10,136.39
Russia,1999-11,135.96
Russia,1999-12,134.49
Russia,2000-01,127.88
Russia,2000-02,128.43
Russia,2000-03,130.84
Russia,2000-04,131.54
Russia,2000-05,137.02
Russia,2000-06,133.98
Russia,2000-07,136.82
Russia,2000-08,140.13
Russia,2000-09,142.96
Russia,2000-10,144.45
Russia,2000-11,145.13
Russia,2000-12,140.73
Russia,2001-01,136.28
Russia,2001-02,136.94
Russia,2001-03,139.01
Russia,2001-04,140.74
Russia,2001-05,140.92
Russia,2001-06,142.57
Russia,2001-07,142.2
Russia,2001-08,138.12
Russia,2001-09,136.98
Russia,2001-10,137.41
Russia,2001-11,137.32
Russia,2001-12,135.54
Russia,2002-01,134.74
Russia,2002-02,134.86
Russia,2002-03,133.06
Russia,2002-04,131.45
Russia,2002-05,128.39
Russia,2002-06,124.75
Russia,2002-07,121.45
Russia,2002-08,122.58
Russia,2002-09,122.28
Russia,2002-10,122.47
Russia,2002-11,120.0
Russia,2002-12,118.72
Russia,2003-01,115.81
Russia,2003-02,115.72
Russia,2003-03,116.69
Russia,2003-04,117.22
Russia,2003-05,113.17
Russia,2003-06,114.27
Russia,2003-07,116.43
Russia,2003-08,117.92
Russia,2003-09,116.04
Russia,2003-10,114.67
Russia,2003-11,116.01
Russia,2003-12,114.03
Russia,2004-01,114.12
Russia,2004-02,115.07
Russia,2004-03,117.19
Russia,2004-04,117.83
Russia,2004-05,117.59
Russia,2004-06,116.2
Russia,2004-07,115.07
Russia,2004-08,115.22
Russia,2004-09,114.95
Russia,2004-10,113.82
Russia,2004-11,112.2
Russia,2004-12,112.1
Russia,2005-01,113.17
Russia,2005-02,113.4
Russia,2005-03,113.74
Russia,2005-04,114.81
Russia,2005-05,115.48
Russia,2005-06,116.05
Russia,2005-07,116.51
Russia,2005-08,115.41
Russia,2005-09,115.96
Russia,2005-10,117.12
Russia,2005-11,117.89
Russia,2005-12,117.07
Russia,2006-01,116.77
Russia,2006-02,118.31
Russia,2006-03,119.49
Russia,2006-04,119.25
Russia,2006-05,118.16
Russia,2006-06,120.01
Russia,2006-07,120.13
Russia,2006-08,119.79
Russia,2006-09,120.34
Russia,2006-10,120.43
Russia,2006-11,119.57
Russia,2006-12,118.81
Russia,2007-01,119.24
Russia,2007-02,119.61
Russia,2007-03,119.49
Russia,2007-04,118.99
Russia,2007-05,118.85
Russia,2007-06,118.99
Russia,2007-07,118.6
Russia,2007-08,118.72
Russia,2007-09,118.38
Russia,2007-10,118.24
Russia,2007-11,117.51
Russia,2007-12,117.68
Russia,2008-01,116.9
Russia,2008-02,116.34
Russia,2008-03,116.37
Russia,2008-04,116.42
Russia,2008-05,116.4
Russia,2008-06,116.64
Russia,2008-07,116.59
Russia,2008-08,116.27
Russia,2008-09,114.64
Russia,2008-10,116.3
Russia,2008-11,116.39
Russia,2008-12,109.91
Russia,2009-01,97.81
Russia,2009-02,89.98
Russia,2009-03,92.75
Russia,2009-04,94.21
Russia,2009-05,96.1
Russia,2009-06,97.19
Russia,2009-07,95.17
Russia,2009-08,93.59
Russia,2009-09,95.08
Russia,2009-10,98.07
Russia,2009-11,99.17
Russia,2009-12,96.76
Russia,2010-01,98.41
Russia,2010-02,99.67
Russia,2010-03,101.88
Russia,2010-04,103.64
Russia,2010-05,103.52
Russia,2010-06,102.6
Russia,2010-07,101.49
Russia,2010-08,101.22
Russia,2010-09,98.72
Russia,2010-10,96.2
Russia,2010-11,95.1
Russia,2010-12,97.56
Russia,2011-01,98.76
Russia,2011-02,100.49
Russia,2011-03,101.99
Russia,2011-04,101.23
Russia,2011-05,101.92
Russia,2011-06,101.49
Russia,2011-07,101.97
Russia,2011-08,98.61
Russia,2011-09,95.16
Russia,2011-10,94.13
Russia,2011-11,96.16
Russia,2011-12,95.6
Russia,2012-01,96.88
Russia,2012-02,99.93
Russia,2012-03,101.93
Russia,2012-04,101.71
Russia,2012-05,98.77
Russia,2012-06,94.31
Russia,2012-07,95.99
Russia,2012-08,96.83
Russia,2012-09,96.43
Russia,2012-10,96.79
Russia,2012-11,96.6
Russia,2012-12,97.56
Russia,2013-01,98.84
Russia,2013-02,99.2
Russia,2013-03,99.02
Russia,2013-04,97.18
Russia,2013-05,97.48
Russia,2013-06,93.99
Russia,2013-07,93.44
Russia,2013-08,91.82
Russia,2013-09,92.88
Russia,2013-10,92.92
Russia,2013-11,91.93
Russia,2013-12,91.05
Russia,2014-01,89.1
Russia,2014-02,85.09
Russia,2014-03,82.93
Russia,2014-04,83.9
Russia,2014-05,85.91
Russia,2014-06,87.53
Russia,2014-07,86.77
Russia,2014-08,84.07
Russia,2014-09,81.51
Russia,2014-10,76.51
Russia,2014-11,68.95
Russia,2014-12,56.85
Russia,2015-01,51.54
Russia,2015-02,52.22
Russia,2015-03,57.38
Russia,2015-04,65.0
Russia,2015-05,66.99
Russia,2015-06,62.19
Russia,2015-07,59.76
Russia,2015-08,52.44
Russia,2015-09,51.84
Russia,2015-10,54.48
Russia,2015-11,54.21
Russia,2015-12,50.15
Russia,2016-01,46.16
Russia,2016-02,45.48
Russia,2016-03,49.7
Russia,2016-04,51.55
Russia,2016-05,52.41
Russia,2016-06,53.18
Russia,2016-07,54.38
Russia,2016-08,53.33
Russia,2016-09,53.83
Russia,2016-10,56.21
Russia,2016-11,55.79
Russia,2016-12,59.18
Russia,2017-01,61.04
Russia,2017-02,62.08
Russia,2017-03,62.46
Russia,2017-04,63.82
Russia,2017-05,62.1
Russia,2017-06,60.5
Russia,2017-07,57.97
Russia,2017-08,57.2
Russia,2017-09,58.56
Russia,2017-10,59.21
Russia,2017-11,58.04
Russia,2017-12,58.03
Russia,2018-01,58.51
Russia,2018-02,57.73
Russia,2018-03,57.51
Russia,2018-04,54.1
Russia,2018-05,54.44
Russia,2018-06,54.8
Russia,2018-07,55.41
Russia,2018-08,53.28
Russia,2018-09,52.22
Russia,2018-10,54.11
Russia,2018-11,53.76
Russia,2018-12,52.79
Russia,2019-01,52.82
Russia,2019-02,53.8
Russia,2019-03,54.49
Russia,2019-04,55.24
Russia,2019-05,55.54
Russia,2019-06,55.88
Russia,2019-07,56.75
Russia,2019-08,55.26
Russia,2019-09,56.43
Russia,2019-10,56.73
Russia,2019-11,56.93
Russia,2019-12,57.61
Russia,2020-01,58.3
Russia,2020-02,57.16
Russia,2020-03,49.35
Russia,2020-04,49.77
Russia,2020-05,51.27
Russia,2020-06,52.78
Russia,2020-07,50.53
Russia,2020-08,48.04
Russia,2020-09,46.67
Russia,2020-10,45.63
Russia,2020-11,45.59
Russia,2020-12,46.36
Russia,2021-01,46.03
Russia,2021-02,46.14
Russia,2021-03,46.83
Russia,2021-04,45.77
Russia,2021-05,46.53
Russia,2021-06,47.63
Russia,2021-07,47.44
Russia,2021-08,47.75
Russia,2021-09,48.21
Russia,2021-10,49.75
Russia,2021-11,49.32
Russia,2021-12,49.19
Russia,2022-01,47.36
Russia,2022-02,46.15
Russia,2022-03,35.54
Russia,2022-04,48.12
Russia,2022-05,60.82
Russia,2022-06,67.77
Russia,2022-07,68.23
Russia,2022-08,66.0
Russia,2022-09,68.43
Russia,2022-10,67.99
South Africa,REF_AREA,ZA
South Africa,1994-01,224.86
South Africa,1994-02,221.86
South Africa,1994-03,220.35
South Africa,1994-04,213.96
South Africa,1994-05,209.69
South Africa,1994-06,209.12
South Africa,1994-07,202.96
South Africa,1994-08,206.9
South Africa,1994-09,207.65
South Africa,1994-10,206.18
South Africa,1994-11,208.18
South Africa,1994-12,209.26
South Africa,1995-01,208.74
South Africa,1995-02,206.06
South Africa,1995-03,197.42
South Africa,1995-04,193.28
South Africa,1995-05,191.87
South Africa,1995-06,191.27
South Africa,1995-07,192.52
South Africa,1995-08,197.99
South Africa,1995-09,199.52
South Africa,1995-10,197.66
South Africa,1995-11,198.49
South Africa,1995-12,199.36
South Africa,1996-01,202.61
South Africa,1996-02,196.89
South Africa,1996-03,188.43
South Africa,1996-04,176.74
South Africa,1996-05,171.29
South Africa,1996-06,172.26
South Africa,1996-07,169.85
South Africa,1996-08,164.13
South Africa,1996-09,165.95
South Africa,1996-10,163.89
South Africa,1996-11,159.53
South Africa,1996-12,160.39
South Africa,1997-01,164.58
South Africa,1997-02,175.92
South Africa,1997-03,178.07
South Africa,1997-04,178.45
South Africa,1997-05,176.09
South Africa,1997-06,174.93
South Africa,1997-07,174.96
South Africa,1997-08,174.11
South Africa,1997-09,173.17
South Africa,1997-10,171.59
South Africa,1997-11,167.26
South Africa,1997-12,171.89
South Africa,1998-01,173.55
South Africa,1998-02,172.12
South Africa,1998-03,170.58
South Africa,1998-04,167.73
South Africa,1998-05,166.35
South Africa,1998-06,159.47
South Africa,1998-07,137.72
South Africa,1998-08,136.56
South Africa,1998-09,137.5
South Africa,1998-10,140.58
South Africa,1998-11,145.38
South Africa,1998-12,138.39
South Africa,1999-01,136.82
South Africa,1999-02,137.09
South Africa,1999-03,137.32
South Africa,1999-04,139.71
South Africa,1999-05,138.83
South Africa,1999-06,142.13
South Africa,1999-07,142.06
South Africa,1999-08,139.51
South Africa,1999-09,140.84
South Africa,1999-10,138.61
South Africa,1999-11,139.38
South Africa,1999-12,140.03
South Africa,2000-01,140.39
South Africa,2000-02,138.6
South Africa,2000-03,136.07
South Africa,2000-04,133.63
South Africa,2000-05,129.45
South Africa,2000-06,129.07
South Africa,2000-07,130.71
South Africa,2000-08,131.32
South Africa,2000-09,129.96
South Africa,2000-10,125.92
South Africa,2000-11,123.15
South Africa,2000-12,121.65
South Africa,2001-01,118.03
South Africa,2001-02,118.57
South Africa,2001-03,119.29
South Africa,2001-04,118.01
South Africa,2001-05,120.42
South Africa,2001-06,120.69
South Africa,2001-07,118.5
South Africa,2001-08,114.19
South Africa,2001-09,108.99
South Africa,2001-10,102.26
South Africa,2001-11,98.28
South Africa,2001-12,82.33
South Africa,2002-01,83.3
South Africa,2002-02,84.95
South Africa,2002-03,84.16
South Africa,2002-04,87.0
South Africa,2002-05,93.35
South Africa,2002-06,91.05
South Africa,2002-07,89.66
South Africa,2002-08,86.28
South Africa,2002-09,86.3
South Africa,2002-10,89.25
South Africa,2002-11,94.09
South Africa,2002-12,100.75
South Africa,2003-01,101.28
South Africa,2003-02,105.75
South Africa,2003-03,108.98
South Africa,2003-04,114.07
South Africa,2003-05,109.83
South Africa,2003-06,106.28
South Africa,2003-07,112.63
South Africa,2003-08,116.31
South Africa,2003-09,116.39
South Africa,2003-10,118.92
South Africa,2003-11,123.0
South Africa,2003-12,124.28
South Africa,2004-01,114.04
South Africa,2004-02,116.96
South Africa,2004-03,121.35
South Africa,2004-04,123.34
South Africa,2004-05,120.76
South Africa,2004-06,126.17
South Africa,2004-07,131.7
South Africa,2004-08,125.84
South Africa,2004-09,123.82
South Africa,2004-10,125.07
South Africa,2004-11,128.63
South Africa,2004-12,133.08
South Africa,2005-01,128.82
South Africa,2005-02,128.11
South Africa,2005-03,127.03
South Africa,2005-04,125.94
South Africa,2005-05,123.11
South Africa,2005-06,117.93
South Africa,2005-07,120.03
South Africa,2005-08,122.77
South Africa,2005-09,124.99
South Africa,2005-10,122.47
South Africa,2005-11,122.62
South Africa,2005-12,127.82
South Africa,2006-01,131.28
South Africa,2006-02,131.65
South Africa,2006-03,128.61
South Africa,2006-04,130.75
South Africa,2006-05,122.45
South Africa,2006-06,112.17
South Africa,2006-07,110.49
South Africa,2006-08,111.9
South Africa,2006-09,105.03
South Africa,2006-10,102.44
South Africa,2006-11,106.33
South Africa,2006-12,108.11
South Africa,2007-01,106.97
South Africa,2007-02,106.83
South Africa,2007-03,103.32
South Africa,2007-04,105.64
South Africa,2007-05,106.93
South Africa,2007-06,105.01
South Africa,2007-07,106.26
South Africa,2007-08,102.98
South Africa,2007-09,103.21
South Africa,2007-10,106.83
South Africa,2007-11,105.72
South Africa,2007-12,104.42
South Africa,2008-01,100.96
South Africa,2008-02,91.96
South Africa,2008-03,85.93
South Africa,2008-04,87.44
South Africa,2008-05,90.04
South Africa,2008-06,86.61
South Africa,2008-07,89.32
South Africa,2008-08,91.57
South Africa,2008-09,89.13
South Africa,2008-10,77.12
South Africa,2008-11,76.24
South Africa,2008-12,75.63
South Africa,2009-01,76.69
South Africa,2009-02,77.65
South Africa,2009-03,78.15
South Africa,2009-04,85.25
South Africa,2009-05,89.15
South Africa,2009-06,91.58
South Africa,2009-07,92.18
South Africa,2009-08,91.37
South Africa,2009-09,95.42
South Africa,2009-10,94.73
South Africa,2009-11,93.76
South Africa,2009-12,95.23
South Africa,2010-01,96.13
South Africa,2010-02,95.24
South Africa,2010-03,98.67
South Africa,2010-04,99.62
South Africa,2010-05,98.83
South Africa,2010-06,99.85
South Africa,2010-07,98.72
South Africa,2010-08,100.95
South Africa,2010-09,102.28
South Africa,2010-10,102.08
South Africa,2010-11,101.91
South Africa,2010-12,105.71
South Africa,2011-01,103.11
South Africa,2011-02,98.49
South Africa,2011-03,101.21
South Africa,2011-04,102.48
South Africa,2011-05,100.41
South Africa,2011-06,101.19
South Africa,2011-07,101.07
South Africa,2011-08,96.72
South Africa,2011-09,92.94
South Africa,2011-10,88.67
South Africa,2011-11,87.13
South Africa,2011-12,87.97
South Africa,2012-01,90.07
South Africa,2012-02,92.83
South Africa,2012-03,94.07
South Africa,2012-04,91.54
South Africa,2012-05,89.12
South Africa,2012-06,87.87
South Africa,2012-07,89.63
South Africa,2012-08,88.82
South Africa,2012-09,87.22
South Africa,2012-10,83.1
South Africa,2012-11,82.12
South Africa,2012-12,83.27
South Africa,2013-01,81.64
South Africa,2013-02,81.12
South Africa,2013-03,79.56
South Africa,2013-04,80.22
South Africa,2013-05,78.21
South Africa,2013-06,73.14
South Africa,2013-07,74.47
South Africa,2013-08,72.87
South Africa,2013-09,73.43
South Africa,2013-10,72.9
South Africa,2013-11,71.51
South Africa,2013-12,70.14
South Africa,2014-01,67.25
South Africa,2014-02,66.58
South Africa,2014-03,67.77
South Africa,2014-04,69.0
South Africa,2014-05,69.89
South Africa,2014-06,68.45
South Africa,2014-07,68.48
South Africa,2014-08,69.0
South Africa,2014-09,68.16
South Africa,2014-10,68.29
South Africa,2014-11,69.12
South Africa,2014-12,67.64
South Africa,2015-01,68.6
South Africa,2015-02,69.31
South Africa,2015-03,67.91
South Africa,2015-04,68.08
South Africa,2015-05,67.47
South Africa,2015-06,65.84
South Africa,2015-07,65.68
South Africa,2015-08,63.87
South Africa,2015-09,60.6
South Africa,2015-10,60.99
South Africa,2015-11,59.35
South Africa,2015-12,55.94
South Africa,2016-01,51.99
South Africa,2016-02,53.22
South Africa,2016-03,53.92
South Africa,2016-04,56.16
South Africa,2016-05,53.8
South Africa,2016-06,54.83
South Africa,2016-07,57.93
South Africa,2016-08,60.12
South Africa,2016-09,59.05
South Africa,2016-10,60.25
South Africa,2016-11,61.35
South Africa,2016-12,62.7
South Africa,2017-01,63.81
South Africa,2017-02,65.14
South Africa,2017-03,66.38
South Africa,2017-04,63.42
South Africa,2017-05,63.63
South Africa,2017-06,64.81
South Africa,2017-07,63.0
South Africa,2017-08,61.68
South Africa,2017-09,61.57
South Africa,2017-10,59.74
South Africa,2017-11,58.22
South Africa,2017-12,62.16
South Africa,2018-01,65.29
South Africa,2018-02,66.77
South Africa,2018-03,66.68
South Africa,2018-04,65.5
South Africa,2018-05,64.78
South Africa,2018-06,61.81
South Africa,2018-07,62.09
South Africa,2018-08,59.74
South Africa,2018-09,57.01
South Africa,2018-10,58.55
South Africa,2018-11,60.46
South Africa,2018-12,59.6
South Africa,2019-01,60.7
South Africa,2019-02,60.96
South Africa,2019-03,58.67
South Africa,2019-04,59.87
South Africa,2019-05,59.24
South Africa,2019-06,58.29
South Africa,2019-07,60.62
South Africa,2019-08,56.91
South Africa,2019-09,58.48
South Africa,2019-10,57.91
South Africa,2019-11,58.24
South Africa,2019-12,59.53
South Africa,2020-01,59.4
South Africa,2020-02,57.75
South Africa,2020-03,52.42
South Africa,2020-04,47.7
South Africa,2020-05,48.65
South Africa,2020-06,50.68
South Africa,2020-07,51.25
South Africa,2020-08,49.07
South Africa,2020-09,50.42
South Africa,2020-10,51.2
South Africa,2020-11,53.6
South Africa,2020-12,55.07
South Africa,2021-01,54.0
South Africa,2021-02,55.41
South Africa,2021-03,55.36
South Africa,2021-04,57.5
South Africa,2021-05,58.3
South Africa,2021-06,59.12
South Africa,2021-07,57.36
South Africa,2021-08,56.5
South Africa,2021-09,57.27
South Africa,2021-10,56.6
South Africa,2021-11,54.57
South Africa,2021-12,53.74
South Africa,2022-01,54.9
South Africa,2022-02,55.79
South Africa,2022-03,57.63
South Africa,2022-04,58.24
South Africa,2022-05,56.37
South Africa,2022-06,57.0
South Africa,2022-07,54.58
South Africa,2022-08,55.18
South Africa,2022-09,53.9
South Africa,2022-10,52.98
Germany,REF_AREA,DE
Germany,1964-01,40.14
Germany,1964-02,40.19
Germany,1964-03,40.17
Germany,1964-04,40.17
Germany,1964-05,40.5
Germany,1964-06,40.53
Germany,1964-07,40.53
Germany,1964-08,40.51
Germany,1964-09,40.5
Germany,1964-10,40.51
Germany,1964-11,40.47
Germany,1964-12,40.45
Germany,1965-01,40.42
Germany,1965-02,40.43
Germany,1965-03,40.48
Germany,1965-04,40.49
Germany,1965-05,40.43
Germany,1965-06,40.28
Germany,1965-07,40.22
Germany,1965-08,40.15
Germany,1965-09,40.16
Germany,1965-10,40.21
Germany,1965-11,40.24
Germany,1965-12,40.24
Germany,1966-01,40.15
Germany,1966-02,40.14
Germany,1966-03,40.16
Germany,1966-04,40.16
Germany,1966-05,40.13
Germany,1966-06,40.24
Germany,1966-07,40.36
Germany,1966-08,40.38
Germany,1966-09,40.45
Germany,1966-10,40.55
Germany,1966-11,40.61
Germany,1966-12,40.66
Germany,1967-01,40.61
Germany,1967-02,40.63
Germany,1967-03,40.61
Germany,1967-04,40.6
Germany,1967-05,40.52
Germany,1967-06,40.48
Germany,1967-07,40.27
Germany,1967-08,40.26
Germany,1967-09,40.26
Germany,1967-10,40.39
Germany,1967-11,40.87
Germany,1967-12,41.48
Germany,1968-01,41.34
Germany,1968-02,41.36
Germany,1968-03,41.49
Germany,1968-04,41.56
Germany,1968-05,41.61
Germany,1968-06,41.51
Germany,1968-07,41.37
Germany,1968-08,41.31
Germany,1968-09,41.74
Germany,1968-10,41.68
Germany,1968-11,41.72
Germany,1968-12,41.5
Germany,1969-01,41.42
Germany,1969-02,41.29
Germany,1969-03,41.3
Germany,1969-04,41.4
Germany,1969-05,41.66
Germany,1969-06,41.54
Germany,1969-07,41.57
Germany,1969-08,42.15
Germany,1969-09,42.59
Germany,1969-10,45.26
Germany,1969-11,45.75
Germany,1969-12,45.8
Germany,1970-01,45.8
Germany,1970-02,45.76
Germany,1970-03,45.93
Germany,1970-04,46.33
Germany,1970-05,46.44
Germany,1970-06,46.44
Germany,1970-07,46.44
Germany,1970-08,46.41
Germany,1970-09,46.39
Germany,1970-10,46.37
Germany,1970-11,46.37
Germany,1970-12,46.2
Germany,1971-01,46.25
Germany,1971-02,46.31
Germany,1971-03,46.29
Germany,1971-04,46.25
Germany,1971-05,47.15
Germany,1971-06,47.65
Germany,1971-07,48.09
Germany,1971-08,48.64
Germany,1971-09,48.85
Germany,1971-10,49.04
Germany,1971-11,48.84
Germany,1971-12,48.97
Germany,1972-01,48.63
Germany,1972-02,48.84
Germany,1972-03,48.88
Germany,1972-04,48.84
Germany,1972-05,48.75
Germany,1972-06,48.85
Germany,1972-07,49.1
Germany,1972-08,48.75
Germany,1972-09,48.72
Germany,1972-10,48.69
Germany,1972-11,48.83
Germany,1972-12,48.97
Germany,1973-01,48.93
Germany,1973-02,49.68
Germany,1973-03,51.07
Germany,1973-04,51.35
Germany,1973-05,51.63
Germany,1973-06,54.4
Germany,1973-07,58.14
Germany,1973-08,57.15
Germany,1973-09,57.18
Germany,1973-10,57.06
Germany,1973-11,55.41
Germany,1973-12,55.2
Germany,1974-01,54.82
Germany,1974-02,55.74
Germany,1974-03,56.43
Germany,1974-04,57.91
Germany,1974-05,58.61
Germany,1974-06,56.58
Germany,1974-07,56.86
Germany,1974-08,56.22
Germany,1974-09,55.76
Germany,1974-10,56.66
Germany,1974-11,57.77
Germany,1974-12,58.25
Germany,1975-01,59.2
Germany,1975-02,59.23
Germany,1975-03,58.97
Germany,1975-04,58.26
Germany,1975-05,58.35
Germany,1975-06,58.52
Germany,1975-07,57.69
Germany,1975-08,56.79
Germany,1975-09,56.7
Germany,1975-10,57.27
Germany,1975-11,57.2
Germany,1975-12,56.83
Germany,1976-01,57.36
Germany,1976-02,59.05
Germany,1976-03,60.34
Germany,1976-04,61.65
Germany,1976-05,61.12
Germany,1976-06,61.08
Germany,1976-07,61.1
Germany,1976-08,62.07
Germany,1976-09,62.73
Germany,1976-10,64.47
Germany,1976-11,65.02
Germany,1976-12,65.41
Germany,1977-01,65.33
Germany,1977-02,65.12
Germany,1977-03,65.46
Germany,1977-04,65.82
Germany,1977-05,66.17
Germany,1977-06,66.2
Germany,1977-07,67.75
Germany,1977-08,67.27
Germany,1977-09,67.38
Germany,1977-10,67.84
Germany,1977-11,68.22
Germany,1977-12,69.67
Germany,1978-01,69.66
Germany,1978-02,70.73
Germany,1978-03,71.41
Germany,1978-04,71.01
Germany,1978-05,70.09
Germany,1978-06,69.82
Germany,1978-07,69.31
Germany,1978-08,69.53
Germany,1978-09,69.97
Germany,1978-10,72.33
Germany,1978-11,72.17
Germany,1978-12,72.77
Germany,1979-01,73.32
Germany,1979-02,73.31
Germany,1979-03,73.33
Germany,1979-04,72.81
Germany,1979-05,72.85
Germany,1979-06,73.19
Germany,1979-07,73.65
Germany,1979-08,73.59
Germany,1979-09,74.46
Germany,1979-10,75.32
Germany,1979-11,76.27
Germany,1979-12,76.65
Germany,1980-01,76.63
Germany,1980-02,76.33
Germany,1980-03,75.2
Germany,1980-04,74.86
Germany,1980-05,75.43
Germany,1980-06,75.31
Germany,1980-07,75.65
Germany,1980-08,75.03
Germany,1980-09,74.79
Germany,1980-10,73.72
Germany,1980-11,72.89
Germany,1980-12,72.44
Germany,1981-01,71.62
Germany,1981-02,70.6
Germany,1981-03,72.02
Germany,1981-04,71.96
Germany,1981-05,71.02
Germany,1981-06,70.53
Germany,1981-07,70.39
Germany,1981-08,70.2
Germany,1981-09,71.77
Germany,1981-10,74.07
Germany,1981-11,73.94
Germany,1981-12,73.56
Germany,1982-01,73.57
Germany,1982-02,73.36
Germany,1982-03,74.41
Germany,1982-04,75.07
Germany,1982-05,75.9
Germany,1982-06,76.02
Germany,1982-07,76.28
Germany,1982-08,76.38
Germany,1982-09,76.55
Germany,1982-10,77.14
Germany,1982-11,77.36
Germany,1982-12,78.88
Germany,1983-01,79.15
Germany,1983-02,79.14
Germany,1983-03,80.69
Germany,1983-04,80.65
Germany,1983-05,80.13
Germany,1983-06,79.57
Germany,1983-07,79.32
Germany,1983-08,78.74
Germany,1983-09,79.07
Germany,1983-10,79.94
Germany,1983-11,79.12
Germany,1983-12,78.75
Germany,1984-01,78.38
Germany,1984-02,79.67
Germany,1984-03,80.61
Germany,1984-04,80.21
Germany,1984-05,79.34
Germany,1984-06,79.75
Germany,1984-07,79.32
Germany,1984-08,78.97
Germany,1984-09,78.05
Germany,1984-10,78.0
Germany,1984-11,78.51
Germany,1984-12,77.84
Germany,1985-01,77.86
Germany,1985-02,77.43
Germany,1985-03,77.48
Germany,1985-04,78.51
Germany,1985-05,78.28
Germany,1985-06,78.46
Germany,1985-07,79.16
Germany,1985-08,80.68
Germany,1985-09,80.41
Germany,1985-10,81.63
Germany,1985-11,81.77
Germany,1985-12,82.9
Germany,1986-01,83.88
Germany,1986-02,84.6
Germany,1986-03,85.07
Germany,1986-04,85.11
Germany,1986-05,85.3
Germany,1986-06,85.44
Germany,1986-07,86.3
Germany,1986-08,87.83
Germany,1986-09,88.43
Germany,1986-10,89.45
Germany,1986-11,89.57
Germany,1986-12,90.12
Germany,1987-01,92.03
Germany,1987-02,92.43
Germany,1987-03,91.71
Germany,1987-04,91.36
Germany,1987-05,91.56
Germany,1987-06,91.39
Germany,1987-07,91.24
Germany,1987-08,90.99
Germany,1987-09,91.2
Germany,1987-10,91.26
Germany,1987-11,92.98
Germany,1987-12,93.13
Germany,1988-01,92.7
Germany,1988-02,92.16
Germany,1988-03,92.14
Germany,1988-04,91.85
Germany,1988-05,91.44
Germany,1988-06,90.87
Germany,1988-07,90.1
Germany,1988-08,89.62
Germany,1988-09,90.31
Germany,1988-10,90.47
Germany,1988-11,90.84
Germany,1988-12,90.51
Germany,1989-01,89.45
Germany,1989-02,89.23
Germany,1989-03,89.38
Germany,1989-04,89.44
Germany,1989-05,88.82
Germany,1989-06,89.05
Germany,1989-07,89.7
Germany,1989-08,89.21
Germany,1989-09,89.2
Germany,1989-10,90.79
Germany,1989-11,91.63
Germany,1989-12,93.41
Germany,1990-01,94.03
Germany,1990-02,93.97
Germany,1990-03,93.9
Germany,1990-04,94.14
Germany,1990-05,94.0
Germany,1990-06,93.35
Germany,1990-07,93.37
Germany,1990-08,94.16
Germany,1990-09,94.03
Germany,1990-10,94.27
Germany,1990-11,95.15
Germany,1990-12,95.75
Germany,1991-01,95.23
Germany,1991-02,95.53
Germany,1991-03,94.06
Germany,1991-04,92.27
Germany,1991-05,92.32
Germany,1991-06,91.84
Germany,1991-07,91.78
Germany,1991-08,92.34
Germany,1991-09,92.86
Germany,1991-10,92.85
Germany,1991-11,93.98
Germany,1991-12,94.93
Germany,1992-01,94.51
Germany,1992-02,93.97
Germany,1992-03,93.83
Germany,1992-04,93.97
Germany,1992-05,93.88
Germany,1992-06,94.37
Germany,1992-07,95.71
Germany,1992-08,96.66
Germany,1992-09,98.13
Germany,1992-10,99.75
Germany,1992-11,98.4
Germany,1992-12,99.37
Germany,1993-01,99.38
Germany,1993-02,99.69
Germany,1993-03,99.64
Germany,1993-04,99.67
Germany,1993-05,98.75
Germany,1993-06,97.7
Germany,1993-07,97.26
Germany,1993-08,98.71
Germany,1993-09,100.53
Germany,1993-10,100.63
Germany,1993-11,99.21
Germany,1993-12,98.66
Germany,1994-01,97.56
Germany,1994-02,97.17
Germany,1994-03,98.32
Germany,1994-04,97.74
Germany,1994-05,98.59
Germany,1994-06,99.19
Germany,1994-07,100.3
Germany,1994-08,100.72
Germany,1994-09,100.54
Germany,1994-10,100.92
Germany,1994-11,100.79
Germany,1994-12,100.66
Germany,1995-01,101.8
Germany,1995-02,102.88
Germany,1995-03,106.29
Germany,1995-04,106.29
Germany,1995-05,105.03
Germany,1995-06,104.96
Germany,1995-07,105.24
Germany,1995-08,103.79
Germany,1995-09,103.79
Germany,1995-10,105.36
Germany,1995-11,105.04
Germany,1995-12,104.31
Germany,1996-01,103.77
Germany,1996-02,103.68
Germany,1996-03,103.07
Germany,1996-04,102.05
Germany,1996-05,101.08
Germany,1996-06,101.25
Germany,1996-07,101.84
Germany,1996-08,102.51
Germany,1996-09,101.75
Germany,1996-10,100.93
Germany,1996-11,101.03
Germany,1996-12,100.1
Germany,1997-01,99.15
Germany,1997-02,98.39
Germany,1997-03,98.28
Germany,1997-04,97.9
Germany,1997-05,97.64
Germany,1997-06,96.78
Germany,1997-07,95.26
Germany,1997-08,94.99
Germany,1997-09,96.06
Germany,1997-10,96.68
Germany,1997-11,97.31
Germany,1997-12,97.57
Germany,1998-01,97.48
Germany,1998-02,97.16
Germany,1998-03,96.84
Germany,1998-04,97.19
Germany,1998-05,98.35
Germany,1998-06,98.34
Germany,1998-07,98.24
Germany,1998-08,98.85
Germany,1998-09,99.85
Germany,1998-10,100.22
Germany,1998-11,99.39
Germany,1998-12,99.34
Germany,1999-01,98.73
Germany,1999-02,97.78
Germany,1999-03,97.07
Germany,1999-04,96.49
Germany,1999-05,96.3
Germany,1999-06,95.42
Germany,1999-07,95.41
Germany,1999-08,95.72
Germany,1999-09,94.92
Germany,1999-10,95.35
Germany,1999-11,94.23
Germany,1999-12,93.34
Germany,2000-01,93.39
Germany,2000-02,92.84
Germany,2000-03,92.11
Germany,2000-04,91.33
Germany,2000-05,90.48
Germany,2000-06,91.86
Germany,2000-07,91.64
Germany,2000-08,90.51
Germany,2000-09,89.56
Germany,2000-10,89.01
Germany,2000-11,89.36
Germany,2000-12,90.86
Germany,2001-01,92.62
Germany,2001-02,92.17
Germany,2001-03,92.19
Germany,2001-04,91.8
Germany,2001-05,91.04
Germany,2001-06,90.45
Germany,2001-07,90.79
Germany,2001-08,91.93
Germany,2001-09,92.08
Germany,2001-10,92.07
Germany,2001-11,91.48
Germany,2001-12,91.88
Germany,2002-01,91.83
Germany,2002-02,91.46
Germany,2002-03,91.48
Germany,2002-04,91.67
Germany,2002-05,92.29
Germany,2002-06,93.18
Germany,2002-07,93.7
Germany,2002-08,93.45
Germany,2002-09,93.56
Germany,2002-10,93.75
Germany,2002-11,94.12
Germany,2002-12,94.58
Germany,2003-01,95.52
Germany,2003-02,96.07
Germany,2003-03,96.36
Germany,2003-04,96.65
Germany,2003-05,98.27
Germany,2003-06,98.42
Germany,2003-07,97.86
Germany,2003-08,97.34
Germany,2003-09,97.21
Germany,2003-10,97.88
Germany,2003-11,97.84
Germany,2003-12,99.05
Germany,2004-01,99.53
Germany,2004-02,99.44
Germany,2004-03,98.73
Germany,2004-04,97.94
Germany,2004-05,98.36
Germany,2004-06,98.32
Germany,2004-07,98.6
Germany,2004-08,98.55
Germany,2004-09,98.7
Germany,2004-10,99.19
Germany,2004-11,99.69
Germany,2004-12,100.36
Germany,2005-01,99.87
Germany,2005-02,99.63
Germany,2005-03,99.92
Germany,2005-04,99.52
Germany,2005-05,99.02
Germany,2005-06,97.93
Germany,2005-07,98.25
Germany,2005-08,98.55
Germany,2005-09,98.42
Germany,2005-10,98.27
Germany,2005-11,97.99
Germany,2005-12,98.03
Germany,2006-01,98.26
Germany,2006-02,98.02
Germany,2006-03,98.31
Germany,2006-04,98.74
Germany,2006-05,99.13
Germany,2006-06,99.17
Germany,2006-07,99.32
Germany,2006-08,99.49
Germany,2006-09,99.41
Germany,2006-10,99.29
Germany,2006-11,99.62
Germany,2006-12,100.15
Germany,2007-01,99.94
Germany,2007-02,100.17
Germany,2007-03,100.48
Germany,2007-04,101.01
Germany,2007-05,101.11
Germany,2007-06,100.93
Germany,2007-07,101.28
Germany,2007-08,101.02
Germany,2007-09,101.49
Germany,2007-10,102.03
Germany,2007-11,102.68
Germany,2007-12,102.87
Germany,2008-01,103.04
Germany,2008-02,102.95
Germany,2008-03,104.01
Germany,2008-04,104.74
Germany,2008-05,104.69
Germany,2008-06,104.8
Germany,2008-07,105.15
Germany,2008-08,104.22
Germany,2008-09,103.43
Germany,2008-10,101.67
Germany,2008-11,101.18
Germany,2008-12,102.99
Germany,2009-01,102.51
Germany,2009-02,101.79
Germany,2009-03,102.98
Germany,2009-04,102.73
Germany,2009-05,102.9
Germany,2009-06,103.36
Germany,2009-07,103.41
Germany,2009-08,103.47
Germany,2009-09,103.85
Germany,2009-10,104.23
Germany,2009-11,104.15
Germany,2009-12,103.68
Germany,2010-01,102.78
Germany,2010-02,101.63
Germany,2010-03,101.41
Germany,2010-04,100.86
Germany,2010-05,99.25
Germany,2010-06,98.22
Germany,2010-07,98.95
Germany,2010-08,98.8
Germany,2010-09,98.89
Germany,2010-10,100.5
Germany,2010-11,99.93
Germany,2010-12,98.8
Germany,2011-01,98.8
Germany,2011-02,99.36
Germany,2011-03,100.08
Germany,2011-04,100.99
Germany,2011-05,100.42
Germany,2011-06,100.36
Germany,2011-07,99.79
Germany,2011-08,99.51
Germany,2011-09,99.06
Germany,2011-10,99.2
Germany,2011-11,98.88
Germany,2011-12,98.08
Germany,2012-01,97.2
Germany,2012-02,97.76
Germany,2012-03,97.99
Germany,2012-04,97.74
Germany,2012-05,96.92
Germany,2012-06,96.44
Germany,2012-07,95.61
Germany,2012-08,95.65
Germany,2012-09,96.6
Germany,2012-10,96.95
Germany,2012-11,96.7
Germany,2012-12,97.47
Germany,2013-01,98.35
Germany,2013-02,99.07
Germany,2013-03,98.42
Germany,2013-04,98.66
Germany,2013-05,98.9
Germany,2013-06,99.24
Germany,2013-07,99.3
Germany,2013-08,99.61
Germany,2013-09,99.46
Germany,2013-10,99.9
Germany,2013-11,99.76
Germany,2013-12,100.37
Germany,2014-01,100.24
Germany,2014-02,100.18
Germany,2014-03,100.55
Germany,2014-04,100.4
Germany,2014-05,100.07
Germany,2014-06,99.67
Germany,2014-07,99.46
Germany,2014-08,99.14
Germany,2014-09,98.5
Germany,2014-10,98.21
Germany,2014-11,98.31
Germany,2014-12,98.3
Germany,2015-01,96.16
Germany,2015-02,95.19
Germany,2015-03,93.93
Germany,2015-04,93.57
Germany,2015-05,94.34
Germany,2015-06,94.73
Germany,2015-07,94.33
Germany,2015-08,95.09
Germany,2015-09,95.49
Germany,2015-10,95.35
Germany,2015-11,94.08
Germany,2015-12,94.66
Germany,2016-01,95.02
Germany,2016-02,95.66
Germany,2016-03,95.38
Germany,2016-04,95.68
Germany,2016-05,95.65
Germany,2016-06,95.34
Germany,2016-07,95.36
Germany,2016-08,95.58
Germany,2016-09,95.62
Germany,2016-10,95.75
Germany,2016-11,95.3
Germany,2016-12,94.84
Germany,2017-01,95.01
Germany,2017-02,94.7
Germany,2017-03,94.96
Germany,2017-04,94.78
Germany,2017-05,95.82
Germany,2017-06,96.34
Germany,2017-07,97.08
Germany,2017-08,97.94
Germany,2017-09,98.05
Germany,2017-10,97.89
Germany,2017-11,97.89
Germany,2017-12,98.08
Germany,2018-01,98.56
Germany,2018-02,98.74
Germany,2018-03,98.76
Germany,2018-04,98.75
Germany,2018-05,97.97
Germany,2018-06,97.65
Germany,2018-07,97.95
Germany,2018-08,97.67
Germany,2018-09,97.85
Germany,2018-10,97.51
Germany,2018-11,97.21
Germany,2018-12,97.34
Germany,2019-01,97.16
Germany,2019-02,97.02
Germany,2019-03,96.82
Germany,2019-04,96.76
Germany,2019-05,96.87
Germany,2019-06,97.07
Germany,2019-07,96.88
Germany,2019-08,96.85
Germany,2019-09,96.35
Germany,2019-10,96.37
Germany,2019-11,96.15
Germany,2019-12,96.12
Germany,2020-01,96.01
Germany,2020-02,95.61
Germany,2020-03,96.64
Germany,2020-04,96.03
Germany,2020-05,96.09
Germany,2020-06,96.87
Germany,2020-07,97.24
Germany,2020-08,97.9
Germany,2020-09,97.9
Germany,2020-10,97.71
Germany,2020-11,97.57
Germany,2020-12,98.19
Germany,2021-01,98.0
Germany,2021-02,97.78
Germany,2021-03,97.56
Germany,2021-04,97.68
Germany,2021-05,97.97
Germany,2021-06,97.76
Germany,2021-07,97.4
Germany,2021-08,97.24
Germany,2021-09,97.33
Germany,2021-10,96.86
Germany,2021-11,96.44
Germany,2021-12,96.25
Germany,2022-01,96.18
Germany,2022-02,96.38
Germany,2022-03,95.71
Germany,2022-04,95.51
Germany,2022-05,95.5
Germany,2022-06,95.71
Germany,2022-07,94.71
Germany,2022-08,94.36
Germany,2022-09,94.66
Germany,2022-10,94.88
Brazil,REF_AREA,BR
Brazil,1994-01,82.46
Brazil,1994-02,81.36
Brazil,1994-03,81.89
Brazil,1994-04,81.35
Brazil,1994-05,81.2
Brazil,1994-06,82.07
Brazil,1994-07,77.42
Brazil,1994-08,81.26
Brazil,1994-09,84.92
Brazil,1994-10,88.33
Brazil,1994-11,91.46
Brazil,1994-12,93.03
Brazil,1995-01,94.57
Brazil,1995-02,95.2
Brazil,1995-03,89.39
Brazil,1995-04,87.81
Brazil,1995-05,91.17
Brazil,1995-06,91.15
Brazil,1995-07,91.71
Brazil,1995-08,92.9
Brazil,1995-09,93.35
Brazil,1995-10,93.15
Brazil,1995-11,94.53
Brazil,1995-12,95.87
Brazil,1996-01,96.62
Brazil,1996-02,96.77
Brazil,1996-03,96.43
Brazil,1996-04,97.3
Brazil,1996-05,98.17
Brazil,1996-06,98.75
Brazil,1996-07,98.86
Brazil,1996-08,97.95
Brazil,1996-09,97.77
Brazil,1996-10,97.67
Brazil,1996-11,96.99
Brazil,1996-12,97.48
Brazil,1997-01,98.89
Brazil,1997-02,100.09
Brazil,1997-03,100.27
Brazil,1997-04,100.85
Brazil,1997-05,99.94
Brazil,1997-06,99.76
Brazil,1997-07,100.33
Brazil,1997-08,100.78
Brazil,1997-09,99.68
Brazil,1997-10,98.98
Brazil,1997-11,98.88
Brazil,1997-12,101.14
Brazil,1998-01,102.77
Brazil,1998-02,101.57
Brazil,1998-03,101.09
Brazil,1998-04,100.18
Brazil,1998-05,99.91
Brazil,1998-06,100.2
Brazil,1998-07,99.53
Brazil,1998-08,98.52
Brazil,1998-09,95.84
Brazil,1998-10,93.08
Brazil,1998-11,93.07
Brazil,1998-12,91.99
Brazil,1999-01,73.79
Brazil,1999-02,59.2
Brazil,1999-03,61.1
Brazil,1999-04,68.68
Brazil,1999-05,69.75
Brazil,1999-06,67.08
Brazil,1999-07,66.49
Brazil,1999-08,63.15
Brazil,1999-09,62.72
Brazil,1999-10,60.76
Brazil,1999-11,63.07
Brazil,1999-12,66.63
Brazil,2000-01,68.23
Brazil,2000-02,69.44
Brazil,2000-03,71.47
Brazil,2000-04,71.17
Brazil,2000-05,70.04
Brazil,2000-06,69.65
Brazil,2000-07,71.37
Brazil,2000-08,72.74
Brazil,2000-09,72.28
Brazil,2000-10,71.31
Brazil,2000-11,69.14
Brazil,2000-12,68.05
Brazil,2001-01,68.03
Brazil,2001-02,66.9
Brazil,2001-03,64.82
Brazil,2001-04,62.35
Brazil,2001-05,60.03
Brazil,2001-06,58.5
Brazil,2001-07,57.4
Brazil,2001-08,55.92
Brazil,2001-09,52.47
Brazil,2001-10,51.76
Brazil,2001-11,56.33
Brazil,2001-12,61.15
Brazil,2002-01,61.36
Brazil,2002-02,63.92
Brazil,2002-03,66.67
Brazil,2002-04,67.83
Brazil,2002-05,63.2
Brazil,2002-06,57.53
Brazil,2002-07,53.12
Brazil,2002-08,50.21
Brazil,2002-09,47.38
Brazil,2002-10,42.03
Brazil,2002-11,45.33
Brazil,2002-12,45.29
Brazil,2003-01,47.85
Brazil,2003-02,46.13
Brazil,2003-03,48.05
Brazil,2003-04,53.21
Brazil,2003-05,55.26
Brazil,2003-06,56.4
Brazil,2003-07,57.14
Brazil,2003-08,55.39
Brazil,2003-09,56.81
Brazil,2003-10,57.02
Brazil,2003-11,56.21
Brazil,2003-12,55.31
Brazil,2004-01,56.22
Brazil,2004-02,54.89
Brazil,2004-03,55.91
Brazil,2004-04,56.22
Brazil,2004-05,53.43
Brazil,2004-06,52.62
Brazil,2004-07,54.44
Brazil,2004-08,55.63
Brazil,2004-09,57.69
Brazil,2004-10,57.95
Brazil,2004-11,58.46
Brazil,2004-12,59.68
Brazil,2005-01,60.77
Brazil,2005-02,63.01
Brazil,2005-03,60.33
Brazil,2005-04,64.01
Brazil,2005-05,67.9
Brazil,2005-06,69.8
Brazil,2005-07,71.34
Brazil,2005-08,70.86
Brazil,2005-09,72.58
Brazil,2005-10,75.11
Brazil,2005-11,77.79
Brazil,2005-12,75.4
Brazil,2006-01,75.04
Brazil,2006-02,79.38
Brazil,2006-03,79.65
Brazil,2006-04,79.54
Brazil,2006-05,76.51
Brazil,2006-06,74.39
Brazil,2006-07,76.49
Brazil,2006-08,77.06
Brazil,2006-09,77.05
Brazil,2006-10,78.14
Brazil,2006-11,77.37
Brazil,2006-12,76.69
Brazil,2007-01,77.92
Brazil,2007-02,79.54
Brazil,2007-03,79.19
Brazil,2007-04,80.43
Brazil,2007-05,82.11
Brazil,2007-06,84.48
Brazil,2007-07,86.08
Brazil,2007-08,83.1
Brazil,2007-09,84.72
Brazil,2007-10,88.27
Brazil,2007-11,88.86
Brazil,2007-12,88.39
Brazil,2008-01,88.55
Brazil,2008-02,90.19
Brazil,2008-03,89.74
Brazil,2008-04,90.1
Brazil,2008-05,92.53
Brazil,2008-06,94.72
Brazil,2008-07,95.89
Brazil,2008-08,97.1
Brazil,2008-09,89.39
Brazil,2008-10,77.04
Brazil,2008-11,76.63
Brazil,2008-12,72.31
Brazil,2009-01,75.88
Brazil,2009-02,77.29
Brazil,2009-03,77.71
Brazil,2009-04,80.42
Brazil,2009-05,84.66
Brazil,2009-06,88.98
Brazil,2009-07,90.07
Brazil,2009-08,93.62
Brazil,2009-09,94.01
Brazil,2009-10,97.55
Brazil,2009-11,97.82
Brazil,2009-12,97.28
Brazil,2010-01,96.52
Brazil,2010-02,94.79
Brazil,2010-03,97.84
Brazil,2010-04,99.76
Brazil,2010-05,99.46
Brazil,2010-06,100.64
Brazil,2010-07,100.95
Brazil,2010-08,100.46
Brazil,2010-09,102.1
Brazil,2010-10,102.25
Brazil,2010-11,101.48
Brazil,2010-12,103.77
Brazil,2011-01,104.72
Brazil,2011-02,104.68
Brazil,2011-03,104.63
Brazil,2011-04,108.49
Brazil,2011-05,106.84
Brazil,2011-06,108.42
Brazil,2011-07,109.92
Brazil,2011-08,107.95
Brazil,2011-09,101.26
Brazil,2011-10,100.14
Brazil,2011-11,100.43
Brazil,2011-12,98.99
Brazil,2012-01,101.9
Brazil,2012-02,104.82
Brazil,2012-03,100.42
Brazil,2012-04,97.66
Brazil,2012-05,92.93
Brazil,2012-06,91.08
Brazil,2012-07,92.64
Brazil,2012-08,92.09
Brazil,2012-09,91.17
Brazil,2012-10,91.15
Brazil,2012-11,90.55
Brazil,2012-12,90.03
Brazil,2013-01,92.72
Brazil,2013-02,95.87
Brazil,2013-03,96.69
Brazil,2013-04,96.19
Brazil,2013-05,95.28
Brazil,2013-06,89.71
Brazil,2013-07,86.94
Brazil,2013-08,83.43
Brazil,2013-09,85.9
Brazil,2013-10,88.96
Brazil,2013-11,86.04
Brazil,2013-12,84.93
Brazil,2014-01,84.98
Brazil,2014-02,85.82
Brazil,2014-03,88.26
Brazil,2014-04,92.23
Brazil,2014-05,92.87
Brazil,2014-06,92.82
Brazil,2014-07,93.22
Brazil,2014-08,92.13
Brazil,2014-09,91.02
Brazil,2014-10,87.84
Brazil,2014-11,85.74
Brazil,2014-12,84.75
Brazil,2015-01,87.69
Brazil,2015-02,83.3
Brazil,2015-03,76.56
Brazil,2015-04,78.86
Brazil,2015-05,78.41
Brazil,2015-06,77.76
Brazil,2015-07,76.49
Brazil,2015-08,70.93
Brazil,2015-09,64.45
Brazil,2015-10,64.77
Brazil,2015-11,68.22
Brazil,2015-12,68.03
Brazil,2016-01,67.81
Brazil,2016-02,69.41
Brazil,2016-03,73.52
Brazil,2016-04,75.48
Brazil,2016-05,76.55
Brazil,2016-06,78.96
Brazil,2016-07,83.91
Brazil,2016-08,85.36
Brazil,2016-09,84.36
Brazil,2016-10,86.64
Brazil,2016-11,84.14
Brazil,2016-12,85.06
Brazil,2017-01,89.06
Brazil,2017-02,90.7
Brazil,2017-03,89.71
Brazil,2017-04,88.74
Brazil,2017-05,86.55
Brazil,2017-06,83.45
Brazil,2017-07,85.51
Brazil,2017-08,86.09
Brazil,2017-09,85.6
Brazil,2017-10,85.09
Brazil,2017-11,83.48
Brazil,2017-12,82.26
Brazil,2018-01,83.45
Brazil,2018-02,81.8
Brazil,2018-03,81.12
Brazil,2018-04,78.14
Brazil,2018-05,75.7
Brazil,2018-06,74.91
Brazil,2018-07,74.7
Brazil,2018-08,73.49
Brazil,2018-09,71.42
Brazil,2018-10,78.27
Brazil,2018-11,77.96
Brazil,2018-12,75.92
Brazil,2019-01,78.25
Brazil,2019-02,78.55
Brazil,2019-03,76.76
Brazil,2019-04,76.04
Brazil,2019-05,74.74
Brazil,2019-06,76.89
Brazil,2019-07,78.16
Brazil,2019-08,75.66
Brazil,2019-09,73.95
Brazil,2019-10,74.02
Brazil,2019-11,72.96
Brazil,2019-12,74.04
Brazil,2020-01,73.12
Brazil,2020-02,70.45
Brazil,2020-03,63.6
Brazil,2020-04,59.34
Brazil,2020-05,55.63
Brazil,2020-06,59.57
Brazil,2020-07,58.14
Brazil,2020-08,55.91
Brazil,2020-09,56.44
Brazil,2020-10,54.46
Brazil,2020-11,56.34
Brazil,2020-12,59.22
Brazil,2021-01,56.9
Brazil,2021-02,56.5
Brazil,2021-03,54.87
Brazil,2021-04,55.48
Brazil,2021-05,58.0
Brazil,2021-06,61.32
Brazil,2021-07,60.85
Brazil,2021-08,60.1
Brazil,2021-09,60.35
Brazil,2021-10,57.91
Brazil,2021-11,58.24
Brazil,2021-12,57.73
Brazil,2022-01,58.7
Brazil,2022-02,62.53
Brazil,2022-03,66.2
Brazil,2022-04,70.19
Brazil,2022-05,68.19
Brazil,2022-06,67.18
Brazil,2022-07,63.31
Brazil,2022-08,65.74
Brazil,2022-09,65.45
Brazil,2022-10,66.17
Germany,REF_AREA,DE
Germany,1994-01,113.35
Germany,1994-02,113.7
Germany,1994-03,115.2
Germany,1994-04,114.65
Germany,1994-05,115.67
Germany,1994-06,116.28
Germany,1994-07,117.81
Germany,1994-08,118.09
Germany,1994-09,117.15
Germany,1994-10,117.4
Germany,1994-11,116.88
Germany,1994-12,116.56
Germany,1995-01,117.89
Germany,1995-02,119.34
Germany,1995-03,123.37
Germany,1995-04,123.11
Germany,1995-05,121.08
Germany,1995-06,120.79
Germany,1995-07,121.43
Germany,1995-08,119.12
Germany,1995-09,118.43
Germany,1995-10,119.96
Germany,1995-11,119.54
Germany,1995-12,118.85
Germany,1996-01,117.75
Germany,1996-02,118.08
Germany,1996-03,116.91
Germany,1996-04,115.17
Germany,1996-05,113.98
Germany,1996-06,114.35
Germany,1996-07,115.33
Germany,1996-08,116.01
Germany,1996-09,114.61
Germany,1996-10,113.37
Germany,1996-11,113.4
Germany,1996-12,112.49
Germany,1997-01,111.7
Germany,1997-02,110.27
Germany,1997-03,109.81
Germany,1997-04,108.8
Germany,1997-05,108.87
Germany,1997-06,107.96
Germany,1997-07,107.25
Germany,1997-08,106.61
Germany,1997-09,107.62
Germany,1997-10,108.26
Germany,1997-11,109.06
Germany,1997-12,109.56
Germany,1998-01,109.47
Germany,1998-02,108.72
Germany,1998-03,107.78
Germany,1998-04,107.88
Germany,1998-05,109.33
Germany,1998-06,109.72
Germany,1998-07,110.11
Germany,1998-08,110.63
Germany,1998-09,112.0
Germany,1998-10,112.29
Germany,1998-11,110.92
Germany,1998-12,111.34
Germany,1999-01,110.75
Germany,1999-02,109.78
Germany,1999-03,108.67
Germany,1999-04,107.98
Germany,1999-05,107.49
Germany,1999-06,106.48
Germany,1999-07,106.85
Germany,1999-08,107.24
Germany,1999-09,105.81
Germany,1999-10,106.11
Germany,1999-11,104.79
Germany,1999-12,103.75
Germany,2000-01,103.84
Germany,2000-02,102.5
Germany,2000-03,101.19
Germany,2000-04,100.25
Germany,2000-05,99.02
Germany,2000-06,100.88
Germany,2000-07,100.94
Germany,2000-08,99.04
Germany,2000-09,97.53
Germany,2000-10,96.64
Germany,2000-11,96.8
Germany,2000-12,99.34
Germany,2001-01,100.94
Germany,2001-02,100.63
Germany,2001-03,100.41
Germany,2001-04,100.01
Germany,2001-05,98.79
Germany,2001-06,97.91
Germany,2001-07,98.86
Germany,2001-08,100.23
Germany,2001-09,100.34
Germany,2001-10,100.12
Germany,2001-11,98.91
Germany,2001-12,100.1
Germany,2002-01,99.34
Germany,2002-02,98.97
Germany,2002-03,98.95
Germany,2002-04,98.48
Germany,2002-05,99.66
Germany,2002-06,101.3
Germany,2002-07,102.75
Germany,2002-08,102.17
Germany,2002-09,101.9
Germany,2002-10,101.73
Germany,2002-11,101.6
Germany,2002-12,103.04
Germany,2003-01,104.13
Germany,2003-02,105.06
Germany,2003-03,104.98
Germany,2003-04,104.67
Germany,2003-05,106.48
Germany,2003-06,107.27
Germany,2003-07,106.68
Germany,2003-08,105.72
Germany,2003-09,105.27
Germany,2003-10,106.29
Germany,2003-11,105.93
Germany,2003-12,108.3
Germany,2004-01,108.69
Germany,2004-02,108.64
Germany,2004-03,107.41
Germany,2004-04,106.39
Germany,2004-05,106.89
Germany,2004-06,106.8
Germany,2004-07,107.18
Germany,2004-08,107.0
Germany,2004-09,106.63
Germany,2004-10,106.94
Germany,2004-11,107.48
Germany,2004-12,109.28
Germany,2005-01,107.56
Germany,2005-02,106.8
Germany,2005-03,107.36
Germany,2005-04,106.33
Germany,2005-05,105.63
Germany,2005-06,104.25
Germany,2005-07,104.53
Germany,2005-08,104.7
Germany,2005-09,104.02
Germany,2005-10,103.62
Germany,2005-11,102.84
Germany,2005-12,103.6
Germany,2006-01,103.3
Germany,2006-02,102.87
Germany,2006-03,103.11
Germany,2006-04,103.55
Germany,2006-05,104.2
Germany,2006-06,104.82
Germany,2006-07,105.24
Germany,2006-08,104.83
Germany,2006-09,104.31
Germany,2006-10,103.91
Germany,2006-11,104.07
Germany,2006-12,105.2
Germany,2007-01,104.75
Germany,2007-02,104.98
Germany,2007-03,105.13
Germany,2007-04,105.5
Germany,2007-05,105.1
Germany,2007-06,104.86
Germany,2007-07,105.62
Germany,2007-08,105.22
Germany,2007-09,105.6
Germany,2007-10,105.71
Germany,2007-11,106.52
Germany,2007-12,106.64
Germany,2008-01,106.03
Germany,2008-02,105.58
Germany,2008-03,107.21
Germany,2008-04,107.0
Germany,2008-05,106.52
Germany,2008-06,106.15
Germany,2008-07,106.52
Germany,2008-08,104.77
Germany,2008-09,103.74
Germany,2008-10,102.17
Germany,2008-11,101.64
Germany,2008-12,105.19
Germany,2009-01,104.79
Germany,2009-02,104.8
Germany,2009-03,105.55
Germany,2009-04,104.79
Germany,2009-05,104.84
Germany,2009-06,105.85
Germany,2009-07,105.86
Germany,2009-08,105.85
Germany,2009-09,106.02
Germany,2009-10,106.47
Germany,2009-11,106.03
Germany,2009-12,106.14
Germany,2010-01,103.92
Germany,2010-02,102.4
Germany,2010-03,101.88
Germany,2010-04,100.68
Germany,2010-05,98.75
Germany,2010-06,97.77
Germany,2010-07,99.03
Germany,2010-08,98.76
Germany,2010-09,98.56
Germany,2010-10,100.22
Germany,2010-11,99.56
Germany,2010-12,98.5
Germany,2011-01,97.87
Germany,2011-02,98.71
Germany,2011-03,99.62
Germany,2011-04,100.16
Germany,2011-05,99.33
Germany,2011-06,99.54
Germany,2011-07,99.17
Germany,2011-08,99.32
Germany,2011-09,98.82
Germany,2011-10,98.82
Germany,2011-11,98.58
Germany,2011-12,97.74
Germany,2012-01,95.99
Germany,2012-02,96.52
Germany,2012-03,96.74
Germany,2012-04,96.15
Germany,2012-05,95.44
Germany,2012-06,95.1
Germany,2012-07,94.36
Germany,2012-08,94.27
Germany,2012-09,95.3
Germany,2012-10,95.38
Germany,2012-11,95.26
Germany,2012-12,96.23
Germany,2013-01,96.49
Germany,2013-02,97.19
Germany,2013-03,96.45
Germany,2013-04,96.1
Germany,2013-05,96.56
Germany,2013-06,97.62
Germany,2013-07,97.93
Germany,2013-08,98.52
Germany,2013-09,98.3
Germany,2013-10,98.54
Germany,2013-11,98.77
Germany,2013-12,99.87
Germany,2014-01,99.37
Germany,2014-02,99.66
Germany,2014-03,100.35
Germany,2014-04,99.84
Germany,2014-05,99.1
Germany,2014-06,98.85
Germany,2014-07,98.81
Germany,2014-08,98.45
Germany,2014-09,97.38
Germany,2014-10,96.64
Germany,2014-11,96.75
Germany,2014-12,97.2
Germany,2015-01,94.4
Germany,2015-02,93.51
Germany,2015-03,91.93
Germany,2015-04,91.54
Germany,2015-05,92.73
Germany,2015-06,93.37
Germany,2015-07,93.04
Germany,2015-08,94.5
Germany,2015-09,95.15
Germany,2015-10,94.78
Germany,2015-11,92.54
Germany,2015-12,93.59
Germany,2016-01,94.04
Germany,2016-02,94.69
Germany,2016-03,94.45
Germany,2016-04,94.74
Germany,2016-05,95.32
Germany,2016-06,95.03
Germany,2016-07,95.2
Germany,2016-08,95.26
Germany,2016-09,95.29
Germany,2016-10,95.07
Germany,2016-11,94.22
Germany,2016-12,94.12
Germany,2017-01,93.55
Germany,2017-02,93.38
Germany,2017-03,93.65
Germany,2017-04,93.54
Germany,2017-05,94.72
Germany,2017-06,95.49
Germany,2017-07,96.82
Germany,2017-08,97.58
Germany,2017-09,97.5
Germany,2017-10,96.98
Germany,2017-11,96.51
Germany,2017-12,96.96
Germany,2018-01,96.68
Germany,2018-02,96.74
Germany,2018-03,97.36
Germany,2018-04,97.29
Germany,2018-05,97.11
Germany,2018-06,97.07
Germany,2018-07,98.07
Germany,2018-08,98.12
Germany,2018-09,98.71
Germany,2018-10,97.99
Germany,2018-11,96.98
Germany,2018-12,97.07
Germany,2019-01,96.05
Germany,2019-02,95.6
Germany,2019-03,95.46
Germany,2019-04,95.94
Germany,2019-05,96.35
Germany,2019-06,96.81
Germany,2019-07,96.72
Germany,2019-08,96.81
Germany,2019-09,96.34
Germany,2019-10,96.12
Germany,2019-11,95.01
Germany,2019-12,95.29
Germany,2020-01,94.31
Germany,2020-02,94.05
Germany,2020-03,96.39
Germany,2020-04,96.91
Germany,2020-05,96.96
Germany,2020-06,97.95
Germany,2020-07,97.76
Germany,2020-08,98.63
Germany,2020-09,98.42
Germany,2020-10,98.3
Germany,2020-11,97.06
Germany,2020-12,97.9
Germany,2021-01,98.02
Germany,2021-02,97.83
Germany,2021-03,97.95
Germany,2021-04,98.5
Germany,2021-05,98.87
Germany,2021-06,98.55
Germany,2021-07,98.77
Germany,2021-08,98.19
Germany,2021-09,97.93
Germany,2021-10,97.24
Germany,2021-11,96.18
Germany,2021-12,96.24
Germany,2022-01,95.49
Germany,2022-02,95.62
Germany,2022-03,96.37
Germany,2022-04,95.38
Germany,2022-05,95.67
Germany,2022-06,95.08
Germany,2022-07,94.31
Germany,2022-08,93.94
Germany,2022-09,95.37
Germany,2022-10,95.99
Russia,REF_AREA,RU
Russia,1994-01,48.62
Russia,1994-02,47.6
Russia,1994-03,45.97
Russia,1994-04,48.48
Russia,1994-05,48.06
Russia,1994-06,48.35
Russia,1994-07,47.82
Russia,1994-08,47.6
Russia,1994-09,46.47
Russia,1994-10,40.45
Russia,1994-11,44.78
Russia,1994-12,48.99
Russia,1995-01,50.31
Russia,1995-02,49.42
Russia,1995-03,46.76
Russia,1995-04,46.37
Russia,1995-05,49.6
Russia,1995-06,56.11
Russia,1995-07,62.08
Russia,1995-08,68.21
Russia,1995-09,70.77
Russia,1995-10,72.36
Russia,1995-11,75.35
Russia,1995-12,76.98
Russia,1996-01,79.46
Russia,1996-02,80.22
Russia,1996-03,81.13
Russia,1996-04,81.98
Russia,1996-05,82.62
Russia,1996-06,82.31
Russia,1996-07,80.93
Russia,1996-08,77.97
Russia,1996-09,77.08
Russia,1996-10,77.4
Russia,1996-11,77.44
Russia,1996-12,78.67
Russia,1997-01,80.97
Russia,1997-02,83.33
Russia,1997-03,84.11
Russia,1997-04,84.43
Russia,1997-05,84.26
Russia,1997-06,85.32
Russia,1997-07,87.5
Russia,1997-08,88.62
Russia,1997-09,86.54
Russia,1997-10,85.48
Russia,1997-11,85.3
Russia,1997-12,88.51
Russia,1998-01,90.57
Russia,1998-02,89.59
Russia,1998-03,89.5
Russia,1998-04,88.55
Russia,1998-05,88.16
Russia,1998-06,88.65
Russia,1998-07,88.46
Russia,1998-08,82.93
Russia,1998-09,52.0
Russia,1998-10,48.74
Russia,1998-11,50.08
Russia,1998-12,45.68
Russia,1999-01,43.43
Russia,1999-02,46.07
Russia,1999-03,46.05
Russia,1999-04,45.29
Russia,1999-05,47.81
Russia,1999-06,49.86
Russia,1999-07,51.5
Russia,1999-08,50.37
Russia,1999-09,49.38
Russia,1999-10,48.86
Russia,1999-11,49.24
Russia,1999-12,49.16
Russia,2000-01,47.68
Russia,2000-02,48.16
Russia,2000-03,49.19
Russia,2000-04,49.84
Russia,2000-05,52.79
Russia,2000-06,52.78
Russia,2000-07,54.83
Russia,2000-08,56.64
Russia,2000-09,58.11
Russia,2000-10,59.82
Russia,2000-11,60.82
Russia,2000-12,59.78
Russia,2001-01,59.43
Russia,2001-02,60.97
Russia,2001-03,62.75
Russia,2001-04,64.21
Russia,2001-05,65.13
Russia,2001-06,66.87
Russia,2001-07,67.1
Russia,2001-08,65.15
Russia,2001-09,64.72
Russia,2001-10,65.45
Russia,2001-11,66.27
Russia,2001-12,66.37
Russia,2002-01,67.8
Russia,2002-02,68.43
Russia,2002-03,68.07
Russia,2002-04,67.67
Russia,2002-05,67.17
Russia,2002-06,65.6
Russia,2002-07,64.4
Russia,2002-08,64.96
Russia,2002-09,64.79
Russia,2002-10,65.35
Russia,2002-11,65.02
Russia,2002-12,65.1
Russia,2003-01,64.85
Russia,2003-02,65.57
Russia,2003-03,66.5
Russia,2003-04,67.39
Russia,2003-05,65.61
Russia,2003-06,66.85
Russia,2003-07,68.68
Russia,2003-08,69.15
Russia,2003-09,67.96
Russia,2003-10,67.69
Russia,2003-11,69.06
Russia,2003-12,68.45
Russia,2004-01,69.6
Russia,2004-02,70.73
Russia,2004-03,72.22
Russia,2004-04,73.01
Russia,2004-05,73.2
Russia,2004-06,72.83
Russia,2004-07,72.88
Russia,2004-08,73.09
Russia,2004-09,73.07
Russia,2004-10,72.87
Russia,2004-11,72.68
Russia,2004-12,73.3
Russia,2005-01,76.04
Russia,2005-02,76.79
Russia,2005-03,77.71
Russia,2005-04,79.03
Russia,2005-05,80.03
Russia,2005-06,80.99
Russia,2005-07,81.63
Russia,2005-08,80.61
Russia,2005-09,80.77
Russia,2005-10,81.8
Russia,2005-11,83.09
Russia,2005-12,83.0
Russia,2006-01,84.78
Russia,2006-02,87.08
Russia,2006-03,88.4
Russia,2006-04,88.03
Russia,2006-05,87.34
Russia,2006-06,88.99
Russia,2006-07,89.68
Russia,2006-08,89.41
Russia,2006-09,89.77
Russia,2006-10,90.11
Russia,2006-11,89.97
Russia,2006-12,89.73
Russia,2007-01,91.71
Russia,2007-02,92.62
Russia,2007-03,92.67
Russia,2007-04,92.32
Russia,2007-05,92.53
Russia,2007-06,93.39
Russia,2007-07,93.93
Russia,2007-08,93.88
Russia,2007-09,94.01
Russia,2007-10,95.0
Russia,2007-11,95.05
Russia,2007-12,95.91
Russia,2008-01,97.29
Russia,2008-02,97.19
Russia,2008-03,97.87
Russia,2008-04,98.92
Russia,2008-05,99.71
Russia,2008-06,100.47
Russia,2008-07,100.83
Russia,2008-08,100.98
Russia,2008-09,100.25
Russia,2008-10,102.62
Russia,2008-11,104.09
Russia,2008-12,99.35
Russia,2009-01,90.67
Russia,2009-02,84.53
Russia,2009-03,88.05
Russia,2009-04,89.84
Russia,2009-05,92.12
Russia,2009-06,93.63
Russia,2009-07,92.48
Russia,2009-08,90.68
Russia,2009-09,91.98
Russia,2009-10,94.7
Russia,2009-11,95.82
Russia,2009-12,93.6
Russia,2010-01,96.79
Russia,2010-02,98.35
Russia,2010-03,100.73
Russia,2010-04,102.38
Russia,2010-05,102.69
Russia,2010-06,102.32
Russia,2010-07,101.7
Russia,2010-08,101.75
Russia,2010-09,99.69
Russia,2010-10,97.21
Russia,2010-11,96.63
Russia,2010-12,99.75
Russia,2011-01,103.32
Russia,2011-02,105.3
Russia,2011-03,106.8
Russia,2011-04,105.97
Russia,2011-05,106.99
Russia,2011-06,106.82
Russia,2011-07,107.45
Russia,2011-08,103.44
Russia,2011-09,99.29
Russia,2011-10,98.38
Russia,2011-11,100.81
Russia,2011-12,100.41
Russia,2012-01,102.17
Russia,2012-02,105.4
Russia,2012-03,107.39
Russia,2012-04,107.11
Russia,2012-05,104.66
Russia,2012-06,101.02
Russia,2012-07,104.35
Russia,2012-08,104.92
Russia,2012-09,104.52
Russia,2012-10,105.2
Russia,2012-11,105.43
Russia,2012-12,106.69
Russia,2013-01,109.32
Russia,2013-02,109.75
Russia,2013-03,109.57
Russia,2013-04,107.99
Russia,2013-05,109.05
Russia,2013-06,105.48
Russia,2013-07,105.83
Russia,2013-08,103.96
Russia,2013-09,104.86
Russia,2013-10,105.48
Russia,2013-11,104.97
Russia,2013-12,104.24
Russia,2014-01,102.78
Russia,2014-02,98.47
Russia,2014-03,96.58
Russia,2014-04,98.41
Russia,2014-05,101.57
Russia,2014-06,104.11
Russia,2014-07,103.85
Russia,2014-08,100.79
Russia,2014-09,98.07
Russia,2014-10,92.78
Russia,2014-11,84.83
Russia,2014-12,71.79
Russia,2015-01,68.01
Russia,2015-02,70.0
Russia,2015-03,77.5
Russia,2015-04,87.98
Russia,2015-05,90.79
Russia,2015-06,84.42
Russia,2015-07,81.9
Russia,2015-08,72.02
Russia,2015-09,71.52
Russia,2015-10,75.67
Russia,2015-11,75.98
Russia,2015-12,70.76
Russia,2016-01,66.07
Russia,2016-02,65.16
Russia,2016-03,71.27
Russia,2016-04,74.12
Russia,2016-05,75.53
Russia,2016-06,76.82
Russia,2016-07,79.07
Russia,2016-08,77.51
Russia,2016-09,78.1
Russia,2016-10,81.72
Russia,2016-11,81.51
Russia,2016-12,86.52
Russia,2017-01,89.8
Russia,2017-02,91.23
Russia,2017-03,91.69
Russia,2017-04,93.66
Russia,2017-05,91.46
Russia,2017-06,89.65
Russia,2017-07,86.04
Russia,2017-08,84.19
Russia,2017-09,85.75
Russia,2017-10,86.69
Russia,2017-11,85.12
Russia,2017-12,85.22
Russia,2018-01,86.33
Russia,2018-02,84.88
Russia,2018-03,84.66
Russia,2018-04,79.75
Russia,2018-05,80.25
Russia,2018-06,81.05
Russia,2018-07,82.16
Russia,2018-08,78.74
Russia,2018-09,76.87
Russia,2018-10,79.7
Russia,2018-11,79.87
Russia,2018-12,79.14
Russia,2019-01,80.25
Russia,2019-02,81.64
Russia,2019-03,82.62
Russia,2019-04,83.6
Russia,2019-05,84.18
Russia,2019-06,84.68
Russia,2019-07,86.17
Russia,2019-08,83.5
Russia,2019-09,84.86
Russia,2019-10,85.06
Russia,2019-11,85.58
Russia,2019-12,86.7
Russia,2020-01,88.13
Russia,2020-02,86.33
Russia,2020-03,75.05
Russia,2020-04,76.47
Russia,2020-05,79.12
Russia,2020-06,81.38
Russia,2020-07,78.07
Russia,2020-08,74.2
Russia,2020-09,71.93
Russia,2020-10,70.53
Russia,2020-11,71.12
Russia,2020-12,72.65
Russia,2021-01,72.34
Russia,2021-02,72.69
Russia,2021-03,74.0
Russia,2021-04,72.56
Russia,2021-05,74.13
Russia,2021-06,76.21
Russia,2021-07,75.93
Russia,2021-08,76.33
Russia,2021-09,77.24
Russia,2021-10,79.98
Russia,2021-11,79.65
Russia,2021-12,79.58
Russia,2022-01,76.86
Russia,2022-02,75.03
Russia,2022-03,61.27
Russia,2022-04,83.57
Russia,2022-05,105.06
Russia,2022-06,115.68
Russia,2022-07,115.52
Russia,2022-08,110.73
Russia,2022-09,113.9
Russia,2022-10,112.44
South Africa,REF_AREA,ZA
South Africa,1994-01,123.12
South Africa,1994-02,120.7
South Africa,1994-03,119.6
South Africa,1994-04,115.77
South Africa,1994-05,113.25
South Africa,1994-06,112.87
South Africa,1994-07,111.02
South Africa,1994-08,114.25
South Africa,1994-09,115.56
South Africa,1994-10,115.03
South Africa,1994-11,116.28
South Africa,1994-12,116.99
South Africa,1995-01,117.63
South Africa,1995-02,116.1
South Africa,1995-03,112.13
South Africa,1995-04,110.61
South Africa,1995-05,109.91
South Africa,1995-06,109.15
South Africa,1995-07,110.57
South Africa,1995-08,113.68
South Africa,1995-09,114.17
South Africa,1995-10,113.33
South Africa,1995-11,114.0
South Africa,1995-12,115.18
South Africa,1996-01,118.16
South Africa,1996-02,114.47
South Africa,1996-03,110.07
South Africa,1996-04,103.41
South Africa,1996-05,100.61
South Africa,1996-06,102.01
South Africa,1996-07,101.41
South Africa,1996-08,98.23
South Africa,1996-09,100.0
South Africa,1996-10,99.46
South Africa,1996-11,97.12
South Africa,1996-12,98.4
South Africa,1997-01,101.97
South Africa,1997-02,109.27
South Africa,1997-03,111.18
South Africa,1997-04,111.9
South Africa,1997-05,110.6
South Africa,1997-06,109.97
South Africa,1997-07,111.14
South Africa,1997-08,110.46
South Africa,1997-09,109.95
South Africa,1997-10,109.34
South Africa,1997-11,106.24
South Africa,1997-12,109.38
South Africa,1998-01,111.15
South Africa,1998-02,110.13
South Africa,1998-03,109.64
South Africa,1998-04,107.95
South Africa,1998-05,107.34
South Africa,1998-06,103.16
South Africa,1998-07,91.29
South Africa,1998-08,91.42
South Africa,1998-09,93.32
South Africa,1998-10,95.62
South Africa,1998-11,98.82
South Africa,1998-12,94.1
South Africa,1999-01,93.68
South Africa,1999-02,93.66
South Africa,1999-03,93.64
South Africa,1999-04,95.07
South Africa,1999-05,94.33
South Africa,1999-06,97.12
South Africa,1999-07,97.17
South Africa,1999-08,94.78
South Africa,1999-09,95.71
South Africa,1999-10,94.24
South Africa,1999-11,94.94
South Africa,1999-12,95.54
South Africa,2000-01,96.78
South Africa,2000-02,94.86
South Africa,2000-03,93.87
South Africa,2000-04,93.28
South Africa,2000-05,90.62
South Africa,2000-06,90.65
South Africa,2000-07,92.58
South Africa,2000-08,93.24
South Africa,2000-09,92.23
South Africa,2000-10,89.51
South Africa,2000-11,87.57
South Africa,2000-12,86.62
South Africa,2001-01,85.09
South Africa,2001-02,85.58
South Africa,2001-03,86.4
South Africa,2001-04,85.44
South Africa,2001-05,87.19
South Africa,2001-06,87.72
South Africa,2001-07,86.21
South Africa,2001-08,82.86
South Africa,2001-09,79.07
South Africa,2001-10,74.08
South Africa,2001-11,71.61
South Africa,2001-12,60.3
South Africa,2002-01,61.92
South Africa,2002-02,63.68
South Africa,2002-03,63.54
South Africa,2002-04,66.44
South Africa,2002-05,71.7
South Africa,2002-06,70.43
South Africa,2002-07,70.38
South Africa,2002-08,67.95
South Africa,2002-09,68.46
South Africa,2002-10,71.75
South Africa,2002-11,75.83
South Africa,2002-12,81.13
South Africa,2003-01,82.15
South Africa,2003-02,85.35
South Africa,2003-03,88.47
South Africa,2003-04,92.79
South Africa,2003-05,89.19
South Africa,2003-06,86.11
South Africa,2003-07,91.35
South Africa,2003-08,94.48
South Africa,2003-09,93.87
South Africa,2003-10,95.15
South Africa,2003-11,97.64
South Africa,2003-12,98.51
South Africa,2004-01,90.97
South Africa,2004-02,93.55
South Africa,2004-03,97.28
South Africa,2004-04,98.61
South Africa,2004-05,96.36
South Africa,2004-06,100.93
South Africa,2004-07,105.78
South Africa,2004-08,100.71
South Africa,2004-09,98.86
South Africa,2004-10,99.9
South Africa,2004-11,103.33
South Africa,2004-12,106.54
South Africa,2005-01,103.55
South Africa,2005-02,102.67
South Africa,2005-03,102.44
South Africa,2005-04,101.77
South Africa,2005-05,99.37
South Africa,2005-06,95.08
South Africa,2005-07,97.45
South Africa,2005-08,99.82
South Africa,2005-09,101.47
South Africa,2005-10,99.29
South Africa,2005-11,99.53
South Africa,2005-12,103.62
South Africa,2006-01,107.01
South Africa,2006-02,107.11
South Africa,2006-03,104.95
South Africa,2006-04,106.56
South Africa,2006-05,100.08
South Africa,2006-06,92.34
South Africa,2006-07,91.84
South Africa,2006-08,93.54
South Africa,2006-09,87.93
South Africa,2006-10,85.99
South Africa,2006-11,89.14
South Africa,2006-12,90.62
South Africa,2007-01,90.58
South Africa,2007-02,89.97
South Africa,2007-03,87.43
South Africa,2007-04,90.1
South Africa,2007-05,91.43
South Africa,2007-06,90.41
South Africa,2007-07,92.35
South Africa,2007-08,89.71
South Africa,2007-09,90.24
South Africa,2007-10,93.83
South Africa,2007-11,92.79
South Africa,2007-12,92.17
South Africa,2008-01,90.46
South Africa,2008-02,82.43
South Africa,2008-03,77.75
South Africa,2008-04,79.07
South Africa,2008-05,81.63
South Africa,2008-06,79.17
South Africa,2008-07,82.61
South Africa,2008-08,85.22
South Africa,2008-09,83.34
South Africa,2008-10,72.2
South Africa,2008-11,72.01
South Africa,2008-12,71.62
South Africa,2009-01,73.14
South Africa,2009-02,74.57
South Africa,2009-03,76.05
South Africa,2009-04,83.07
South Africa,2009-05,87.12
South Africa,2009-06,89.85
South Africa,2009-07,91.59
South Africa,2009-08,90.48
South Africa,2009-09,95.04
South Africa,2009-10,94.24
South Africa,2009-11,93.08
South Africa,2009-12,94.31
South Africa,2010-01,95.51
South Africa,2010-02,94.89
South Africa,2010-03,98.64
South Africa,2010-04,99.41
South Africa,2010-05,98.7
South Africa,2010-06,99.83
South Africa,2010-07,99.46
South Africa,2010-08,101.43
South Africa,2010-09,102.45
South Africa,2010-10,102.22
South Africa,2010-11,101.96
South Africa,2010-12,105.49
South Africa,2011-01,103.23
South Africa,2011-02,98.53
South Africa,2011-03,101.87
South Africa,2011-04,103.17
South Africa,2011-05,101.25
South Africa,2011-06,102.52
South Africa,2011-07,103.09
South Africa,2011-08,98.73
South Africa,2011-09,94.79
South Africa,2011-10,90.69
South Africa,2011-11,89.38
South Africa,2011-12,90.2
South Africa,2012-01,92.66
South Africa,2012-02,95.8
South Africa,2012-03,97.57
South Africa,2012-04,94.93
South Africa,2012-05,92.51
South Africa,2012-06,91.81
South Africa,2012-07,93.91
South Africa,2012-08,92.96
South Africa,2012-09,91.56
South Africa,2012-10,87.81
South Africa,2012-11,87.0
South Africa,2012-12,88.23
South Africa,2013-01,86.71
South Africa,2013-02,86.59
South Africa,2013-03,85.76
South Africa,2013-04,86.67
South Africa,2013-05,84.35
South Africa,2013-06,78.88
South Africa,2013-07,81.16
South Africa,2013-08,79.46
South Africa,2013-09,80.04
South Africa,2013-10,79.67
South Africa,2013-11,78.24
South Africa,2013-12,76.73
South Africa,2014-01,74.18
South Africa,2014-02,73.9
South Africa,2014-03,76.07
South Africa,2014-04,77.59
South Africa,2014-05,78.59
South Africa,2014-06,77.24
South Africa,2014-07,77.88
South Africa,2014-08,78.7
South Africa,2014-09,77.52
South Africa,2014-10,77.78
South Africa,2014-11,78.86
South Africa,2014-12,77.08
South Africa,2015-01,78.49
South Africa,2015-02,79.26
South Africa,2015-03,78.44
South Africa,2015-04,79.24
South Africa,2015-05,78.45
South Africa,2015-06,76.89
South Africa,2015-07,77.58
South Africa,2015-08,75.32
South Africa,2015-09,71.38
South Africa,2015-10,71.89
South Africa,2015-11,70.15
South Africa,2015-12,66.24
South Africa,2016-01,62.29
South Africa,2016-02,64.32
South Africa,2016-03,65.39
South Africa,2016-04,68.6
South Africa,2016-05,65.68
South Africa,2016-06,67.16
South Africa,2016-07,71.64
South Africa,2016-08,74.22
South Africa,2016-09,72.75
South Africa,2016-10,74.53
South Africa,2016-11,76.11
South Africa,2016-12,77.88
South Africa,2017-01,79.73
South Africa,2017-02,82.03
South Africa,2017-03,83.96
South Africa,2017-04,79.99
South Africa,2017-05,80.52
South Africa,2017-06,82.19
South Africa,2017-07,80.12
South Africa,2017-08,78.28
South Africa,2017-09,78.23
South Africa,2017-10,75.98
South Africa,2017-11,74.07
South Africa,2017-12,79.26
South Africa,2018-01,83.5
South Africa,2018-02,85.62
South Africa,2018-03,85.75
South Africa,2018-04,84.77
South Africa,2018-05,83.66
South Africa,2018-06,80.01
South Africa,2018-07,81.04
South Africa,2018-08,77.63
South Africa,2018-09,74.12
South Africa,2018-10,76.28
South Africa,2018-11,79.09
South Africa,2018-12,77.94
South Africa,2019-01,79.43
South Africa,2019-02,79.94
South Africa,2019-03,77.37
South Africa,2019-04,79.07
South Africa,2019-05,78.34
South Africa,2019-06,77.3
South Africa,2019-07,80.63
South Africa,2019-08,75.75
South Africa,2019-09,77.75
South Africa,2019-10,76.7
South Africa,2019-11,77.17
South Africa,2019-12,78.87
South Africa,2020-01,78.94
South Africa,2020-02,77.22
South Africa,2020-03,70.48
South Africa,2020-04,63.98
South Africa,2020-05,64.95
South Africa,2020-06,67.82
South Africa,2020-07,69.3
South Africa,2020-08,66.45
South Africa,2020-09,68.24
South Africa,2020-10,69.43
South Africa,2020-11,72.84
South Africa,2020-12,74.67
South Africa,2021-01,73.3
South Africa,2021-02,75.31
South Africa,2021-03,75.57
South Africa,2021-04,78.79
South Africa,2021-05,79.77
South Africa,2021-06,80.83
South Africa,2021-07,79.1
South Africa,2021-08,78.01
South Africa,2021-09,78.96
South Africa,2021-10,77.7
South Africa,2021-11,74.88
South Africa,2021-12,73.92
South Africa,2022-01,75.34
South Africa,2022-02,76.31
South Africa,2022-03,78.64
South Africa,2022-04,79.39
South Africa,2022-05,76.91
South Africa,2022-06,78.03
South Africa,2022-07,75.58
South Africa,2022-08,76.31
South Africa,2022-09,74.1
South Africa,2022-10,72.56
Germany,REF_AREA,DE
Germany,1964-01,100.15
Germany,1964-02,100.33
Germany,1964-03,100.14
Germany,1964-04,99.35
Germany,1964-05,100.0
Germany,1964-06,99.58
Germany,1964-07,99.37
Germany,1964-08,99.01
Germany,1964-09,98.46
Germany,1964-10,98.31
Germany,1964-11,98.52
Germany,1964-12,99.01
Germany,1965-01,98.58
Germany,1965-02,98.42
Germany,1965-03,98.72
Germany,1965-04,98.36
Germany,1965-05,97.97
Germany,1965-06,97.81
Germany,1965-07,97.89
Germany,1965-08,97.48
Germany,1965-09,97.18
Germany,1965-10,97.55
Germany,1965-11,97.91
Germany,1965-12,97.99
Germany,1966-01,97.76
Germany,1966-02,97.69
Germany,1966-03,97.77
Germany,1966-04,97.82
Germany,1966-05,97.45
Germany,1966-06,97.54
Germany,1966-07,97.81
Germany,1966-08,97.41
Germany,1966-09,97.28
Germany,1966-10,97.42
Germany,1966-11,98.22
Germany,1966-12,98.38
Germany,1967-01,98.06
Germany,1967-02,97.97
Germany,1967-03,97.84
Germany,1967-04,97.44
Germany,1967-05,97.34
Germany,1967-06,97.07
Germany,1967-07,96.3
Germany,1967-08,95.43
Germany,1967-09,95.01
Germany,1967-10,95.19
Germany,1967-11,96.27
Germany,1967-12,97.45
Germany,1968-01,97.45
Germany,1968-02,97.53
Germany,1968-03,97.62
Germany,1968-04,97.42
Germany,1968-05,97.34
Germany,1968-06,96.92
Germany,1968-07,96.47
Germany,1968-08,95.78
Germany,1968-09,96.42
Germany,1968-10,95.99
Germany,1968-11,96.54
Germany,1968-12,96.0
Germany,1969-01,95.29
Germany,1969-02,95.15
Germany,1969-03,94.93
Germany,1969-04,94.61
Germany,1969-05,95.27
Germany,1969-06,94.76
Germany,1969-07,94.47
Germany,1969-08,95.27
Germany,1969-09,95.87
Germany,1969-10,101.53
Germany,1969-11,102.55
Germany,1969-12,102.93
Germany,1970-01,103.31
Germany,1970-02,103.1
Germany,1970-03,103.37
Germany,1970-04,104.04
Germany,1970-05,104.1
Germany,1970-06,104.0
Germany,1970-07,103.53
Germany,1970-08,103.11
Germany,1970-09,102.51
Germany,1970-10,102.25
Germany,1970-11,102.33
Germany,1970-12,102.21
Germany,1971-01,102.62
Germany,1971-02,103.21
Germany,1971-03,103.09
Germany,1971-04,102.98
Germany,1971-05,104.68
Germany,1971-06,105.84
Germany,1971-07,106.79
Germany,1971-08,107.55
Germany,1971-09,107.56
Germany,1971-10,107.91
Germany,1971-11,107.36
Germany,1971-12,107.56
Germany,1972-01,107.74
Germany,1972-02,108.06
Germany,1972-03,108.25
Germany,1972-04,108.04
Germany,1972-05,107.31
Germany,1972-06,107.36
Germany,1972-07,108.32
Germany,1972-08,106.84
Germany,1972-09,107.19
Germany,1972-10,106.72
Germany,1972-11,107.17
Germany,1972-12,107.26
Germany,1973-01,107.72
Germany,1973-02,109.3
Germany,1973-03,112.35
Germany,1973-04,112.37
Germany,1973-05,112.72
Germany,1973-06,118.68
Germany,1973-07,126.47
Germany,1973-08,123.33
Germany,1973-09,122.23
Germany,1973-10,121.25
Germany,1973-11,118.2
Germany,1973-12,117.44
Germany,1974-01,115.4
Germany,1974-02,116.48
Germany,1974-03,116.6
Germany,1974-04,118.82
Germany,1974-05,119.75
Germany,1974-06,114.99
Germany,1974-07,114.6
Germany,1974-08,112.25
Germany,1974-09,109.88
Germany,1974-10,110.85
Germany,1974-11,112.55
Germany,1974-12,112.88
Germany,1975-01,114.55
Germany,1975-02,114.22
Germany,1975-03,113.42
Germany,1975-04,111.58
Germany,1975-05,111.2
Germany,1975-06,111.61
Germany,1975-07,109.31
Germany,1975-08,106.76
Germany,1975-09,106.1
Germany,1975-10,106.44
Germany,1975-11,105.98
Germany,1975-12,105.03
Germany,1976-01,105.71
Germany,1976-02,108.63
Germany,1976-03,110.35
Germany,1976-04,111.77
Germany,1976-05,110.05
Germany,1976-06,109.76
Germany,1976-07,109.07
Germany,1976-08,110.35
Germany,1976-09,110.7
Germany,1976-10,112.68
Germany,1976-11,113.22
Germany,1976-12,113.39
Germany,1977-01,113.29
Germany,1977-02,112.44
Germany,1977-03,112.26
Germany,1977-04,112.05
Germany,1977-05,112.1
Germany,1977-06,111.8
Germany,1977-07,113.64
Germany,1977-08,112.1
Germany,1977-09,111.66
Germany,1977-10,111.65
Germany,1977-11,112.09
Germany,1977-12,114.46
Germany,1978-01,114.6
Germany,1978-02,115.92
Germany,1978-03,116.51
Germany,1978-04,115.33
Germany,1978-05,113.3
Germany,1978-06,112.66
Germany,1978-07,110.89
Germany,1978-08,110.49
Germany,1978-09,110.24
Germany,1978-10,113.42
Germany,1978-11,113.07
Germany,1978-12,113.9
Germany,1979-01,114.95
Germany,1979-02,114.39
Germany,1979-03,114.09
Germany,1979-04,112.68
Germany,1979-05,112.13
Germany,1979-06,112.48
Germany,1979-07,112.46
Germany,1979-08,111.76
Germany,1979-09,112.33
Germany,1979-10,112.62
Germany,1979-11,113.97
Germany,1979-12,113.89
Germany,1980-01,112.58
Germany,1980-02,112.24
Germany,1980-03,109.97
Germany,1980-04,108.66
Germany,1980-05,109.27
Germany,1980-06,108.6
Germany,1980-07,108.21
Germany,1980-08,106.71
Germany,1980-09,105.31
Germany,1980-10,102.99
Germany,1980-11,101.66
Germany,1980-12,101.07
Germany,1981-01,99.53
Germany,1981-02,97.93
Germany,1981-03,99.63
Germany,1981-04,99.04
Germany,1981-05,97.46
Germany,1981-06,96.46
Germany,1981-07,95.92
Germany,1981-08,95.17
Germany,1981-09,96.86
Germany,1981-10,99.62
Germany,1981-11,99.29
Germany,1981-12,98.52
Germany,1982-01,98.41
Germany,1982-02,97.73
Germany,1982-03,98.59
Germany,1982-04,98.86
Germany,1982-05,99.87
Germany,1982-06,100.4
Germany,1982-07,100.35
Germany,1982-08,99.95
Germany,1982-09,99.79
Germany,1982-10,100.32
Germany,1982-11,100.43
Germany,1982-12,102.44
Germany,1983-01,102.59
Germany,1983-02,102.05
Germany,1983-03,103.47
Germany,1983-04,102.84
Germany,1983-05,101.88
Germany,1983-06,101.12
Germany,1983-07,100.63
Germany,1983-08,99.73
Germany,1983-09,99.6
Germany,1983-10,100.0
Germany,1983-11,98.75
Germany,1983-12,98.21
Germany,1984-01,97.3
Germany,1984-02,98.61
Germany,1984-03,99.37
Germany,1984-04,98.39
Germany,1984-05,97.05
Germany,1984-06,97.57
Germany,1984-07,96.61
Germany,1984-08,95.61
Germany,1984-09,94.13
Germany,1984-10,94.05
Germany,1984-11,94.52
Germany,1984-12,93.56
Germany,1985-01,93.47
Germany,1985-02,92.8
Germany,1985-03,92.54
Germany,1985-04,93.32
Germany,1985-05,92.74
Germany,1985-06,92.8
Germany,1985-07,93.59
Germany,1985-08,94.99
Germany,1985-09,94.43
Germany,1985-10,95.59
Germany,1985-11,95.69
Germany,1985-12,96.86
Germany,1986-01,97.88
Germany,1986-02,98.51
Germany,1986-03,98.63
Germany,1986-04,98.35
Germany,1986-05,98.41
Germany,1986-06,98.42
Germany,1986-07,99.14
Germany,1986-08,100.41
Germany,1986-09,100.73
Germany,1986-10,101.34
Germany,1986-11,101.29
Germany,1986-12,101.87
Germany,1987-01,104.24
Germany,1987-02,104.54
Germany,1987-03,103.44
Germany,1987-04,102.78
Germany,1987-05,102.79
Germany,1987-06,102.5
Germany,1987-07,102.13
Germany,1987-08,101.41
Germany,1987-09,101.19
Germany,1987-10,101.04
Germany,1987-11,102.94
Germany,1987-12,103.14
Germany,1988-01,102.89
Germany,1988-02,102.17
Germany,1988-03,101.75
Germany,1988-04,101.21
Germany,1988-05,100.74
Germany,1988-06,99.94
Germany,1988-07,98.77
Germany,1988-08,97.76
Germany,1988-09,98.23
Germany,1988-10,98.22
Germany,1988-11,98.75
Germany,1988-12,98.39
Germany,1989-01,97.68
Germany,1989-02,97.37
Germany,1989-03,97.22
Germany,1989-04,97.18
Germany,1989-05,96.23
Germany,1989-06,96.37
Germany,1989-07,96.72
Germany,1989-08,95.95
Germany,1989-09,95.57
Germany,1989-10,97.12
Germany,1989-11,98.11
Germany,1989-12,100.09
Germany,1990-01,100.59
Germany,1990-02,100.5
Germany,1990-03,99.96
Germany,1990-04,99.87
Germany,1990-05,99.58
Germany,1990-06,98.81
Germany,1990-07,98.55
Germany,1990-08,99.04
Germany,1990-09,98.45
Germany,1990-10,98.82
Germany,1990-11,99.46
Germany,1990-12,100.16
Germany,1991-01,99.23
Germany,1991-02,99.57
Germany,1991-03,97.71
Germany,1991-04,95.59
Germany,1991-05,95.56
Germany,1991-06,95.35
Germany,1991-07,95.97
Germany,1991-08,96.27
Germany,1991-09,96.51
Germany,1991-10,97.72
Germany,1991-11,98.84
Germany,1991-12,100.04
Germany,1992-01,99.86
Germany,1992-02,99.42
Germany,1992-03,99.28
Germany,1992-04,99.31
Germany,1992-05,99.25
Germany,1992-06,99.94
Germany,1992-07,101.61
Germany,1992-08,102.43
Germany,1992-09,103.57
Germany,1992-10,105.03
Germany,1992-11,103.84
Germany,1992-12,104.98
Germany,1993-01,106.29
Germany,1993-02,106.97
Germany,1993-03,106.74
Germany,1993-04,106.67
Germany,1993-05,105.67
Germany,1993-06,104.7
Germany,1993-07,104.6
Germany,1993-08,105.87
Germany,1993-09,107.43
Germany,1993-10,107.32
Germany,1993-11,105.89
Germany,1993-12,105.52
Germany,1994-01,104.45
Germany,1994-02,104.52
Germany,1994-03,105.63
Germany,1994-04,104.86
Germany,1994-05,105.84
Germany,1994-06,106.55
Germany,1994-07,107.74
Germany,1994-08,108.1
Germany,1994-09,107.39
Germany,1994-10,107.53
Germany,1994-11,107.52
Germany,1994-12,107.68
Germany,1995-01,109.07
Germany,1995-02,110.39
Germany,1995-03,113.73
Germany,1995-04,113.43
Germany,1995-05,111.82
Germany,1995-06,111.74
Germany,1995-07,112.34
Germany,1995-08,110.47
Germany,1995-09,110.16
Germany,1995-10,111.53
Germany,1995-11,111.17
Germany,1995-12,110.6
Germany,1996-01,109.92
Germany,1996-02,110.21
Germany,1996-03,109.09
Germany,1996-04,107.61
Germany,1996-05,106.54
Germany,1996-06,106.86
Germany,1996-07,107.66
Germany,1996-08,108.21
Germany,1996-09,107.09
Germany,1996-10,106.03
Germany,1996-11,105.97
Germany,1996-12,105.25
Germany,1997-01,104.87
Germany,1997-02,103.99
Germany,1997-03,103.73
Germany,1997-04,102.89
Germany,1997-05,102.73
Germany,1997-06,101.89
Germany,1997-07,101.16
Germany,1997-08,100.63
Germany,1997-09,101.35
Germany,1997-10,101.78
Germany,1997-11,102.42
Germany,1997-12,102.87
Germany,1998-01,102.78
Germany,1998-02,102.39
Germany,1998-03,101.67
Germany,1998-04,101.89
Germany,1998-05,103.1
Germany,1998-06,103.25
Germany,1998-07,103.64
Germany,1998-08,104.0
Germany,1998-09,104.64
Germany,1998-10,104.75
Germany,1998-11,103.84
Germany,1998-12,103.93
Germany,1999-01,103.23
Germany,1999-02,102.11
Germany,1999-03,101.03
Germany,1999-04,100.5
Germany,1999-05,100.19
Germany,1999-06,99.46
Germany,1999-07,100.0
Germany,1999-08,99.97
Germany,1999-09,98.57
Germany,1999-10,98.77
Germany,1999-11,97.77
Germany,1999-12,97.01
Germany,2000-01,97.35
Germany,2000-02,96.38
Germany,2000-03,95.21
Germany,2000-04,94.24
Germany,2000-05,93.13
Germany,2000-06,94.71
Germany,2000-07,94.92
Germany,2000-08,93.34
Germany,2000-09,92.08
Germany,2000-10,91.3
Germany,2000-11,91.61
Germany,2000-12,93.89
Germany,2001-01,95.46
Germany,2001-02,95.19
Germany,2001-03,94.86
Germany,2001-04,94.41
Germany,2001-05,93.52
Germany,2001-06,92.93
Germany,2001-07,93.59
Germany,2001-08,94.47
Germany,2001-09,94.38
Germany,2001-10,94.28
Germany,2001-11,93.53
Germany,2001-12,94.89
Germany,2002-01,94.6
Germany,2002-02,94.35
Germany,2002-03,94.19
Germany,2002-04,93.85
Germany,2002-05,94.48
Germany,2002-06,95.48
Germany,2002-07,96.25
Germany,2002-08,95.67
Germany,2002-09,95.53
Germany,2002-10,95.42
Germany,2002-11,95.46
Germany,2002-12,96.79
Germany,2003-01,97.65
Germany,2003-02,98.45
Germany,2003-03,98.27
Germany,2003-04,98.24
Germany,2003-05,99.72
Germany,2003-06,100.28
Germany,2003-07,99.92
Germany,2003-08,99.12
Germany,2003-09,98.65
Germany,2003-10,99.32
Germany,2003-11,99.06
Germany,2003-12,101.0
Germany,2004-01,101.47
Germany,2004-02,101.33
Germany,2004-03,100.52
Germany,2004-04,99.72
Germany,2004-05,100.06
Germany,2004-06,99.97
Germany,2004-07,100.55
Germany,2004-08,100.4
Germany,2004-09,100.11
Germany,2004-10,100.35
Germany,2004-11,100.79
Germany,2004-12,102.61
Germany,2005-01,101.53
Germany,2005-02,101.21
Germany,2005-03,101.43
Germany,2005-04,100.41
Germany,2005-05,99.88
Germany,2005-06,98.95
Germany,2005-07,99.53
Germany,2005-08,99.69
Germany,2005-09,99.17
Germany,2005-10,98.98
Germany,2005-11,98.54
Germany,2005-12,99.38
Germany,2006-01,99.31
Germany,2006-02,99.23
Germany,2006-03,99.21
Germany,2006-04,99.45
Germany,2006-05,99.57
Germany,2006-06,99.81
Germany,2006-07,100.29
Germany,2006-08,100.07
Germany,2006-09,99.71
Germany,2006-10,99.65
Germany,2006-11,99.99
Germany,2006-12,101.18
Germany,2007-01,101.14
Germany,2007-02,101.51
Germany,2007-03,101.57
Germany,2007-04,102.03
Germany,2007-05,101.86
Germany,2007-06,101.73
Germany,2007-07,102.67
Germany,2007-08,102.19
Germany,2007-09,102.65
Germany,2007-10,102.97
Germany,2007-11,103.77
Germany,2007-12,104.31
Germany,2008-01,104.13
Germany,2008-02,104.09
Germany,2008-03,105.08
Germany,2008-04,105.09
Germany,2008-05,104.92
Germany,2008-06,104.87
Germany,2008-07,105.67
Germany,2008-08,104.35
Germany,2008-09,103.35
Germany,2008-10,101.62
Germany,2008-11,101.3
Germany,2008-12,104.02
Germany,2009-01,103.39
Germany,2009-02,102.93
Germany,2009-03,103.73
Germany,2009-04,103.24
Germany,2009-05,103.16
Germany,2009-06,103.87
Germany,2009-07,104.27
Germany,2009-08,104.21
Germany,2009-09,104.32
Germany,2009-10,104.68
Germany,2009-11,104.25
Germany,2009-12,104.62
Germany,2010-01,103.02
Germany,2010-02,101.98
Germany,2010-03,101.73
Germany,2010-04,100.76
Germany,2010-05,99.04
Germany,2010-06,98.07
Germany,2010-07,99.11
Germany,2010-08,98.87
Germany,2010-09,98.72
Germany,2010-10,100.18
Germany,2010-11,99.72
Germany,2010-12,98.79
Germany,2011-01,98.47
Germany,2011-02,99.2
Germany,2011-03,99.79
Germany,2011-04,100.29
Germany,2011-05,99.47
Germany,2011-06,99.6
Germany,2011-07,99.25
Germany,2011-08,98.96
Germany,2011-09,98.53
Germany,2011-10,98.52
Germany,2011-11,98.29
Germany,2011-12,97.65
Germany,2012-01,96.56
Germany,2012-02,97.38
Germany,2012-03,97.59
Germany,2012-04,96.85
Germany,2012-05,96.03
Germany,2012-06,95.61
Germany,2012-07,95.18
Germany,2012-08,95.14
Germany,2012-09,95.9
Germany,2012-10,96.05
Germany,2012-11,96.12
Germany,2012-12,97.09
Germany,2013-01,97.65
Germany,2013-02,98.55
Germany,2013-03,97.85
Germany,2013-04,97.63
Germany,2013-05,98.17
Germany,2013-06,98.65
Germany,2013-07,99.08
Germany,2013-08,99.26
Germany,2013-09,98.99
Germany,2013-10,99.33
Germany,2013-11,99.47
Germany,2013-12,100.32
Germany,2014-01,99.92
Germany,2014-02,100.03
Germany,2014-03,100.28
Germany,2014-04,99.72
Germany,2014-05,99.12
Germany,2014-06,98.98
Germany,2014-07,99.07
Germany,2014-08,98.79
Germany,2014-09,98.1
Germany,2014-10,97.52
Germany,2014-11,97.85
Germany,2014-12,98.08
Germany,2015-01,95.57
Germany,2015-02,94.96
Germany,2015-03,93.69
Germany,2015-04,93.58
Germany,2015-05,94.33
Germany,2015-06,94.67
Germany,2015-07,94.61
Germany,2015-08,95.42
Germany,2015-09,95.73
Germany,2015-10,95.49
Germany,2015-11,93.67
Germany,2015-12,94.34
Germany,2016-01,94.6
Germany,2016-02,95.4
Germany,2016-03,95.25
Germany,2016-04,95.48
Germany,2016-05,95.74
Germany,2016-06,95.42
Germany,2016-07,95.9
Germany,2016-08,95.94
Germany,2016-09,95.99
Germany,2016-10,96.02
Germany,2016-11,95.03
Germany,2016-12,95.03
Germany,2017-01,94.68
Germany,2017-02,94.57
Germany,2017-03,94.71
Germany,2017-04,94.56
Germany,2017-05,95.61
Germany,2017-06,96.41
Germany,2017-07,97.55
Germany,2017-08,98.31
Germany,2017-09,98.38
Germany,2017-10,97.98
Germany,2017-11,97.54
Germany,2017-12,98.08
Germany,2018-01,98.09
Germany,2018-02,98.26
Germany,2018-03,98.55
Germany,2018-04,98.41
Germany,2018-05,98.11
Germany,2018-06,97.86
Germany,2018-07,98.32
Germany,2018-08,97.88
Germany,2018-09,98.25
Germany,2018-10,97.85
Germany,2018-11,97.11
Germany,2018-12,97.35
Germany,2019-01,96.62
Germany,2019-02,96.52
Germany,2019-03,96.29
Germany,2019-04,96.74
Germany,2019-05,96.92
Germany,2019-06,97.41
Germany,2019-07,97.66
Germany,2019-08,97.3
Germany,2019-09,96.88
Germany,2019-10,96.83
Germany,2019-11,95.91
Germany,2019-12,96.19
Germany,2020-01,95.68
Germany,2020-02,95.49
Germany,2020-03,96.87
Germany,2020-04,96.86
Germany,2020-05,96.83
Germany,2020-06,97.88
Germany,2020-07,97.62
Germany,2020-08,98.21
Germany,2020-09,98.05
Germany,2020-10,97.81
Germany,2020-11,96.89
Germany,2020-12,97.8
Germany,2021-01,98.19
Germany,2021-02,98.37
Germany,2021-03,98.16
Germany,2021-04,98.51
Germany,2021-05,98.95
Germany,2021-06,98.78
Germany,2021-07,99.04
Germany,2021-08,98.52
Germany,2021-09,98.42
Germany,2021-10,97.75
Germany,2021-11,96.62
Germany,2021-12,96.59
Germany,2022-01,96.33
Germany,2022-02,96.64
Germany,2022-03,96.9
Germany,2022-04,96.84
Germany,2022-05,97.08
Germany,2022-06,96.51
Germany,2022-07,95.83
Germany,2022-08,95.29
Germany,2022-09,96.92
Germany,2022-10,97.01
